run_id,gamma,delta,x0,c0,initial_balance,initial_acceleration,connectivity_initially_recruits,global_peak_tau,global_peak_interior,local_peak_count,monotone_decline,final_x,final_c,final_f,final_rate_fraction,connectivity_collapse_before_ten_percent_growth,fuel_depletion_while_well_matched,mismatch_loss_with_abundant_fuel
0,0.01,0.02,0.001,0.005,1.9403051078607605,True,True,200.0,False,0,False,0.3004717071027374,0.9716125533388111,0.7002285214186813,1.0,False,False,True
1,0.01,0.02,0.001,0.03,1.8448863974061027,True,True,200.0,False,0,False,0.3059860389581963,0.9713903142613513,0.6947086697115152,1.0,False,False,False
2,0.01,0.02,0.001,0.15,1.4480133458024476,True,True,200.0,False,0,False,0.3111729960352885,0.9711780462893946,0.6895165204851967,1.0,False,False,False
3,0.01,0.02,0.001,0.5,0.6695999703407111,True,True,200.0,False,0,False,0.315285091926966,0.9710074974272849,0.6854003083814153,1.0,False,False,False
4,0.01,0.02,0.001,0.9,0.14395920924569414,True,True,200.0,False,0,False,0.31722399925262956,0.9709263742919588,0.683459460207578,1.0,False,False,False
5,0.01,0.02,0.05,0.005,1.9403002977057116,True,True,128.25,True,1,False,0.570648750129328,0.9563473598968255,0.4519486840743916,0.809769122957389,False,False,True
6,0.01,0.02,0.05,0.03,1.8447213181490514,True,True,126.375,True,1,False,0.5754283015902923,0.9558637136846906,0.4469175772733765,0.8017173996288128,False,False,False
7,0.01,0.02,0.05,0.15,1.4446843921114343,True,True,124.625,True,1,False,0.5798696270308444,0.9554045118184318,0.44224249786226905,0.7941106639414679,False,False,False
8,0.01,0.02,0.05,0.5,0.6476194178711435,True,True,123.25,True,1,False,0.5833546780246764,0.9550373843120546,0.43857402313191957,0.7880586754028152,False,False,False
9,0.01,0.02,0.05,0.9,0.09923718698687262,True,True,122.625,True,1,False,0.5849872816789082,0.9548632969888552,0.4368554929695703,0.7851987386252784,False,False,False
10,0.01,0.02,0.3,0.005,1.9402994871389971,True,True,24.25,True,1,False,0.8600730464904843,0.9035736043134724,0.1998956478707367,0.21387302588088672,False,False,True
11,0.01,0.02,0.3,0.03,1.844692721916496,True,True,22.375,True,1,False,0.8618512083387267,0.9023568173717984,0.1973554166589618,0.20962222314356857,False,False,False
12,0.01,0.02,0.3,0.15,1.4440423236022857,True,True,20.625,True,1,False,0.8634880419482562,0.9012089888714376,0.19501708293106254,0.20572458331781343,False,False,False
13,0.01,0.02,0.3,0.5,0.642529187864018,True,True,19.25,True,1,False,0.8647632106808418,0.9002957074885818,0.1931954133130831,0.20269862594005517,False,False,False
14,0.01,0.02,0.3,0.9,0.08770507557767894,True,True,18.625,True,1,False,0.8653580802553918,0.8998637985405582,0.19234559963515452,0.20129021240759928,False,False,False
15,0.01,0.02,0.7,0.005,1.9402992249533872,True,True,9.375,True,1,False,0.983395712649262,0.6869480379431551,0.05534762450246014,0.014790623549071963,False,False,True
16,0.01,0.02,0.7,0.03,1.8446804778854067,True,True,7.5,True,1,False,0.9835859383452271,0.6835453260578024,0.05471353884924293,0.014469116597555376,False,False,False
17,0.01,0.02,0.7,0.15,1.4435226924453533,True,True,5.75,True,1,False,0.9837609040345607,0.6803497717388017,0.054130319884797544,0.014162814349541735,False,False,False
18,0.01,0.02,0.7,0.5,0.6355506256575068,True,True,3.875,True,1,False,0.9838975567309957,0.6778088482857936,0.05367481089668113,0.013805714657135313,False,False,False
19,0.01,0.02,0.7,0.9,0.06860495720114294,True,True,1.5,True,1,False,0.9839615223009689,0.6766055840130006,0.05346159233010368,0.01319011565229903,False,False,False
20,0.01,0.02,0.9,0.005,1.9402990992726945,True,True,7.875,True,1,False,0.9984725475426398,0.2781831192486824,0.015274524573601903,0.0012437736542595984,False,False,True
21,0.01,0.02,0.9,0.03,1.8446651988366813,True,True,6.0,True,1,False,0.9984879158998353,0.2735829781619015,0.015120841001646793,0.0012177654723570155,False,False,False
22,0.01,0.02,0.9,0.15,1.4422932884994144,True,True,4.25,True,1,False,0.9985021132904144,0.26929734714570225,0.014978867095856167,0.0011885880449557648,False,False,False
23,0.01,0.02,0.9,0.5,0.6154490271134508,True,True,2.375,True,1,False,0.9985133727099536,0.26587413556923745,0.014866272900464498,0.0011176822596333214,False,False,False
24,0.01,0.02,0.9,0.9,0.011148205487645606,True,True,0.125,True,1,False,0.998518729876472,0.2642378552123365,0.01481270123527945,0.0009391366602864839,False,False,False
25,0.01,0.1,0.001,0.005,1.781101127761258,True,True,200.0,False,0,False,0.24920131959886282,0.8676257836328899,0.751550230631769,1.0,False,False,True
26,0.01,0.1,0.001,0.03,1.68954659158086,True,True,200.0,False,0,False,0.25440509823453433,0.8667159435615694,0.7463412430084742,1.0,False,False,False
27,0.01,0.1,0.001,0.15,1.3088829110198388,True,True,200.0,False,0,False,0.25933291682186904,0.8658426647646585,0.7414084916698008,1.0,False,False,False
28,0.01,0.1,0.001,0.5,0.5629333036740445,True,True,200.0,False,0,False,0.26328038826329264,0.8651347604511408,0.7374570688055129,1.0,False,False,False
29,0.01,0.1,0.001,0.9,0.05974868292990467,True,False,200.0,False,0,False,0.2651561371181423,0.8647957372473394,0.7355794423241818,1.0,False,False,False
30,0.01,0.1,0.05,0.005,1.781096317606209,True,True,137.5,True,1,False,0.5176686391193139,0.8054628918548133,0.5077172219796696,0.8715723403437239,False,False,True
31,0.01,0.1,0.05,0.03,1.6893815123238087,True,True,135.5,True,1,False,0.522700186738531,0.8034487489820228,0.5024208560647042,0.8643103752720737,False,False,False
32,0.01,0.1,0.05,0.15,1.3055539573288257,True,True,133.625,True,1,False,0.5274025589446443,0.8015281100680219,0.497470990584585,0.8573655970419066,False,False,False
33,0.01,0.1,0.05,0.5,0.540952751204477,True,True,132.125,True,1,False,0.5311277608997413,0.7999795964862081,0.49354972536869335,0.8517569092941973,False,False,False
34,0.01,0.1,0.05,0.9,0.015026660671083143,True,False,131.375,True,1,False,0.5328854267422981,0.7992404960906406,0.491699550797581,0.8490779501216329,False,False,False
35,0.01,0.1,0.3,0.005,1.7810955070394945,True,True,24.125,True,1,False,0.8320322121331091,0.5998157723996792,0.23995398266698706,0.2518417882308006,False,False,True
36,0.01,0.1,0.3,0.03,1.6893529160912533,True,True,22.0,True,1,False,0.8341104676788543,0.5949921746191078,0.23698504617306526,0.24667226649699087,False,False,False
37,0.01,0.1,0.3,0.15,1.3049118888196773,True,True,20.125,True,1,False,0.8360303247783244,0.5904319138337891,0.2342423931738223,0.24190792194775143,False,False,False
38,0.01,0.1,0.3,0.5,0.5358625211973514,True,True,18.625,True,1,False,0.8375376226955715,0.5867791608966132,0.23208911043489783,0.2381752757849992,False,False,False
39,0.01,0.1,0.3,0.9,0.0034945492618894645,True,False,17.875,True,1,False,0.8382451181344269,0.5850421236463137,0.2310784026651044,0.23642570742145505,False,False,False
40,0.01,0.1,0.7,0.005,1.7810952448538848,True,True,10.125,True,1,False,0.9744263121983034,0.08349268095262838,0.08524562600565516,0.010913145883696697,False,True,True
41,0.01,0.1,0.7,0.03,1.689340672060164,True,True,8.125,True,1,False,0.974564143171511,0.07987413723705895,0.08478618942829677,0.010376326503047383,False,True,False
42,0.01,0.1,0.7,0.15,1.3043922576627445,True,True,6.125,True,1,False,0.9746879466135252,0.07658758095263223,0.08437351128824931,0.009876177289972725,False,True,False
43,0.01,0.1,0.7,0.5,0.5288839589908402,True,True,4.125,True,1,False,0.9747831020304664,0.0740363224008006,0.08405632656511211,0.0093869919313177,False,True,False
44,0.01,0.1,0.7,0.9,-0.015605569114646528,False,False,0.0,False,0,True,0.974827237198601,0.07284508805147483,0.08390920933799671,0.00845063773072887,False,True,False
45,0.01,0.1,0.9,0.005,1.7810951191731923,True,True,8.5,True,1,False,0.9948712417973634,0.0003337919685835645,0.051287582026365866,7.137427383197392e-07,False,True,True
46,0.01,0.1,0.9,0.03,1.6893253930114387,True,True,6.5,True,1,False,0.9948712499281879,0.00030248543886861117,0.051287500718121284,5.867346076586867e-07,False,True,False
47,0.01,0.1,0.9,0.15,1.3031628537168056,True,True,4.5,True,1,False,0.9948712581254867,0.0002755305407154331,0.05128741874513289,4.846065332283278e-07,False,True,False
48,0.01,0.1,0.9,0.5,0.5087823604467843,True,True,2.375,True,1,False,0.9948712775838721,0.00025525824174738065,0.05128722416127941,3.940563014497383e-07,False,True,False
49,0.01,0.1,0.9,0.9,-0.07306232082814387,False,False,0.0,False,0,True,0.9948713038925199,0.000245894727376402,0.051286961074801254,2.853529659669234e-07,False,True,False
50,0.01,0.3,0.001,0.005,1.3830911775125019,True,True,200.0,False,0,False,0.13276793736489076,0.6554157795947329,0.8681001627979071,1.0,False,False,True
51,0.01,0.3,0.001,0.03,1.301197077017753,True,True,200.0,False,0,False,0.13657882528432494,0.6539187657852757,0.8642854601758508,1.0,False,False,False
52,0.01,0.3,0.001,0.15,0.961056824063317,True,True,200.0,False,0,False,0.14026553096099958,0.6524579384879505,0.8605950641031035,1.0,False,False,False
53,0.01,0.3,0.001,0.5,0.2962666370073777,True,True,200.0,False,0,False,0.1433199513876631,0.6512381556978252,0.8575375861985355,1.0,False,False,False
54,0.01,0.3,0.001,0.9,-0.150777632859569,False,False,200.0,False,0,False,0.1448075791425832,0.6506409272352716,0.8560484693267436,1.0,False,False,False
55,0.01,0.3,0.05,0.005,1.383086367357453,True,True,161.5,True,1,False,0.3657242685283077,0.5541720941518253,0.6676586647070445,0.9646016129365091,False,False,True
56,0.01,0.3,0.05,0.03,1.3010319977607017,True,True,158.875,True,1,False,0.37060543335359325,0.5507732811073831,0.6625205964699018,0.9598932833458412,False,False,False
57,0.01,0.3,0.05,0.15,0.957727870372304,True,True,156.375,True,1,False,0.375248947439766,0.547491337644638,0.6576326869055095,0.9551540029860434,False,False,False
58,0.01,0.3,0.05,0.5,0.2742860845378102,True,True,154.375,True,1,False,0.3790412458439028,0.5447751132065636,0.6536407938485235,0.951096624622329,False,False,False
59,0.01,0.3,0.05,0.9,-0.19549965511839054,False,False,153.375,True,1,False,0.38087132176157174,0.5434525894766394,0.651714398145714,0.9490787689468715,False,False,False
60,0.01,0.3,0.3,0.005,1.3830855567907385,True,True,19.375,True,1,False,0.7121058884207881,0.28914365872416437,0.41127730225601694,0.3002174223077622,False,False,True
61,0.01,0.3,0.3,0.03,1.3010034015281464,True,True,16.75,True,1,False,0.7144708944773542,0.28341379841924597,0.4078987221752083,0.2918870167885019,False,False,False
62,0.01,0.3,0.3,0.15,0.9570858018631556,True,True,14.125,True,1,False,0.7166713546798137,0.2779964182693767,0.4047552076002662,0.2840780240879993,False,False,False
63,0.01,0.3,0.3,0.5,0.26919585453068484,True,True,11.5,True,1,False,0.7184364666753899,0.2735892765731544,0.40223361903515736,0.2777293968956716,False,False,False
64,0.01,0.3,0.3,0.9,-0.2070317665275842,False,False,0.0,False,0,True,0.7192791661276715,0.2714655180178599,0.401029762674755,0.20922347346758313,False,False,False
65,0.01,0.3,0.7,0.005,1.3830852946051286,True,True,12.5,True,1,False,0.9131868121922299,0.02157931966748919,0.2893772926925671,0.0031751481753188996,False,False,True
66,0.01,0.3,0.7,0.03,1.3009911574970574,True,True,9.875,True,1,False,0.9132248475170544,0.020654204566913595,0.28925050827648546,0.0029258254318512648,False,False,False
67,0.01,0.3,0.7,0.15,0.956566170706223,True,True,7.375,True,1,False,0.9132585065385672,0.01981162341673627,0.28913831153810926,0.002701242502475803,False,False,False
68,0.01,0.3,0.7,0.5,0.2622172923241734,True,True,4.125,True,1,False,0.913284524686965,0.019143238419659862,0.2890515843767834,0.002472642457705209,False,False,False
69,0.01,0.3,0.7,0.9,-0.22613188490412017,False,False,0.0,False,0,True,0.9132967075174155,0.018824719078975153,0.28901097494194816,0.001662184180115399,False,False,False
70,0.01,0.3,0.9,0.005,1.3830851689244361,True,True,10.625,True,1,False,0.9760147093770076,8.153144626785616e-06,0.23985290622992378,5.755711941344366e-10,False,False,True
71,0.01,0.3,0.9,0.03,1.3009758784483318,True,True,8.0,True,1,False,0.9760147238154252,6.968268509443864e-06,0.23985276184574805,4.2027028770947013e-10,False,False,False
72,0.01,0.3,0.9,0.15,0.955336766760284,True,True,5.375,True,1,False,0.9760150597892799,5.983819352192669e-06,0.23984940210720068,3.070880921314674e-10,False,False,False
73,0.01,0.3,0.9,0.5,0.24211569378011763,True,True,2.125,True,1,False,0.9760178758074689,5.223034497339332e-06,0.239821241925311,2.1081449180031886e-10,False,False,False
74,0.01,0.3,0.9,0.9,-0.2835886366176175,False,False,0.0,False,0,True,0.9760226500041627,4.839036477576551e-06,0.23977349995837344,1.101541093335445e-10,False,False,False
75,0.01,0.7,0.001,0.005,0.5870712770149894,True,True,200.0,False,0,False,0.011931594334626983,0.29251353068117064,0.9890574631285015,1.0,False,False,True
76,0.01,0.7,0.001,0.03,0.5244980478915396,True,True,200.0,False,0,False,0.012607167850564292,0.29203927172073313,0.9883812133627985,1.0,False,False,False
77,0.01,0.7,0.001,0.15,0.26540465015027365,True,True,200.0,False,0,False,0.013330971332342553,0.2915302472979231,0.9876566853530105,1.0,False,False,False
78,0.01,0.7,0.001,0.5,-0.23706669632595548,False,False,200.0,False,0,False,0.014032405453778717,0.2910360696658458,0.9869545490953167,1.0,False,False,False
79,0.01,0.7,0.001,0.9,-0.5718302644385164,False,False,200.0,False,0,False,0.014411713843864532,0.29076847806009154,0.9865748610171526,1.0,True,False,False
80,0.01,0.7,0.05,0.005,0.5870664668599404,True,True,200.0,False,0,False,0.11258524460954167,0.25193563450471923,0.934120795147851,1.0,False,False,True
81,0.01,0.7,0.05,0.03,0.5243329686344883,True,True,200.0,False,0,False,0.11487685246070048,0.25001624759087326,0.9317085763571574,1.0,False,False,False
82,0.01,0.7,0.05,0.15,0.2620756964592606,True,True,194.5,True,1,False,0.11725168086629971,0.24801643200150558,0.9292087569828424,0.9998311737862792,False,False,False
83,0.01,0.7,0.05,0.5,-0.259047248795523,False,False,0.0,False,1,False,0.11948484479036096,0.2461258712474267,0.9268580581154096,0.6084542440436165,True,False,False
84,0.01,0.7,0.05,0.9,-0.616552286697338,False,False,0.0,False,1,False,0.1206680549202092,0.2451202143167852,0.9256125737682009,0.30116528167426126,True,False,False
85,0.01,0.7,0.3,0.005,0.5870656562932259,True,True,30.125,True,1,False,0.42168757034893334,0.15712992250828778,0.8261606137872382,0.4301194497377334,False,False,True
86,0.01,0.7,0.3,0.03,0.524304372401933,True,True,23.875,True,1,False,0.4240910790342175,0.15359418073517345,0.8227270299511179,0.41493467918260224,False,False,False
87,0.01,0.7,0.3,0.15,0.2614336279501121,True,True,16.5,True,1,False,0.4264987676213917,0.15002015044311423,0.8192874748265833,0.39842599682683283,False,False,False
88,0.01,0.7,0.3,0.5,-0.26413747880264843,False,False,0.0,False,0,True,0.4287079059564224,0.14671209162300208,0.8161315629193966,0.17658072200934483,True,False,False
89,0.01,0.7,0.3,0.9,-0.6280843981065316,False,False,0.0,False,0,True,0.42986441102920303,0.14496916529842319,0.8144794128154242,0.08578876832374834,True,False,False
90,0.01,0.7,0.7,0.005,0.5870653941076162,True,True,24.625,True,1,False,0.7825026950878426,0.04389481101306022,0.7249910163738578,0.042114266413627505,False,False,True
91,0.01,0.7,0.7,0.03,0.5242921283708439,True,True,18.375,True,1,False,0.7828520698197164,0.04208665953470521,0.7238264339342784,0.03887738774603509,False,False,False
92,0.01,0.7,0.7,0.15,0.26091399679317934,True,True,10.875,True,1,False,0.7831911773625305,0.04031714858031066,0.7226960754582314,0.0351278016971732,False,False,False
93,0.01,0.7,0.7,0.5,-0.27111604100915987,False,False,0.0,False,0,True,0.7835059679874112,0.038661271327295965,0.7216467733752958,0.013064550175817065,True,False,False
94,0.01,0.7,0.7,0.9,-0.6471845164830675,False,False,0.0,False,0,True,0.7836779033707393,0.03775129441713358,0.721073655430869,0.00618379341650933,True,False,False
95,0.01,0.7,0.9,0.005,0.5870652684269235,True,True,20.875,True,1,False,0.9313719911706535,0.002898155307780031,0.6862800882934651,0.00025692036386041863,False,False,True
96,0.01,0.7,0.9,0.03,0.5242768493221184,True,True,14.5,True,1,False,0.9313743265876483,0.0026259464013548557,0.6862567341235172,0.00021051530985623937,False,False,True
97,0.01,0.7,0.9,0.15,0.2596845928472405,True,True,7.0,True,1,False,0.9313901114393102,0.0023139599619626653,0.6860988856068985,0.0001513419321138399,False,False,True
98,0.01,0.7,0.9,0.5,-0.2912176395532156,False,False,0.0,False,0,True,0.931563573687952,0.0015898990892881984,0.6843642631204806,2.3171069393355708e-05,False,False,True
99,0.01,0.7,0.9,0.9,-0.7046412681965648,False,False,0.0,False,0,True,0.931979465755281,0.0007862608124341118,0.68020534244719,2.8135927138309522e-06,False,False,True
100,0.01,1.0,0.001,0.005,-0.009943648358145029,False,False,0.0,False,0,True,0.0010009928184621637,0.0024997524746107735,0.9999990061877256,0.2513650461916744,True,False,True
101,0.01,1.0,0.001,0.03,-0.05802622395312066,False,False,0.0,False,0,True,0.0010099732783323265,0.004281477523983782,0.9999900167384062,0.021566595355294628,True,False,True
102,0.01,1.0,0.001,0.15,-0.25633448028450906,False,False,0.0,False,0,True,0.0010510554972923128,0.004814345732031449,0.9999488933961037,0.0013948674659545418,True,False,True
103,0.01,1.0,0.001,0.5,-0.6370666963259555,False,False,0.0,False,0,True,0.001137050568588045,0.0048838510685446195,0.9998628122436556,0.0002315909262460605,True,False,True
104,0.01,1.0,0.001,0.9,-0.8876197381227269,False,False,0.0,False,0,True,0.0011992136765739843,0.004875300758607835,0.9998005869103364,0.00011841249708849166,True,False,True
105,0.01,1.0,0.05,0.005,-0.009948458513194028,False,False,0.0,False,0,True,0.0500134617563809,0.002496471427031856,0.9999858297301254,0.25058641297468104,True,False,True
106,0.01,1.0,0.05,0.03,-0.058191303210171984,False,False,0.0,False,0,True,0.0501344581945004,0.004225849162936925,0.9998584650584207,0.020910969122227514,True,False,True
107,0.01,1.0,0.05,0.15,-0.2596634339755221,False,False,0.0,False,0,True,0.05067802139539415,0.004505296099085731,0.9992862932680062,0.0011930327370950347,True,False,True
108,0.01,1.0,0.05,0.5,-0.659047248795523,False,False,0.0,False,0,True,0.05177910647497662,0.00409085432670143,0.99812725634213,0.00015291176745460425,True,False,True
109,0.01,1.0,0.05,0.9,-0.9323417603815485,False,False,0.0,False,0,True,0.05254919137643732,0.0037700854089627507,0.9973166406563818,6.498971638320038e-05,True,False,True
110,0.01,1.0,0.3,0.005,-0.00994926907990847,False,False,0.0,False,0,True,0.3000443296192984,0.002484246712886682,0.999936671972431,0.24812418182040435,True,False,True
111,0.01,1.0,0.3,0.03,-0.0582198994427273,False,False,0.0,False,0,True,0.3004369326811727,0.004025199893100749,0.9993758104554676,0.01896430013452839,True,False,True
112,0.01,1.0,0.3,0.15,-0.2603055024846706,False,False,0.0,False,0,True,0.3021620511580849,0.00350498199218698,0.9969113554884502,0.0007204691506147906,True,False,True
113,0.01,1.0,0.3,0.5,-0.6641374788026485,False,False,0.0,False,0,True,0.3056142993879644,0.002012925843933075,0.991979572302908,3.677101200739518e-05,True,False,True
114,0.01,1.0,0.3,0.9,-0.9438738717907421,False,False,0.0,False,0,True,0.30801899321934495,0.0012967191272512735,0.9885442954009359,7.606990786244063e-06,True,False,True
115,0.01,1.0,0.7,0.005,-0.009949531265518227,False,False,0.0,False,0,True,0.7000771664670116,0.0024362779761864252,0.9997427784432946,0.2386511958603335,True,False,True
116,0.01,1.0,0.7,0.03,-0.058232143473816354,False,False,0.0,False,0,True,0.7007258541694565,0.003328283346135167,0.9975804861018114,0.012980143486227669,True,False,True
117,0.01,1.0,0.7,0.15,-0.26082513364160337,False,False,0.0,False,0,True,0.7034445400321826,0.0012363133577598913,0.9885181998927245,8.9909557220653e-05,True,False,True
118,0.01,1.0,0.7,0.5,-0.67111604100916,False,False,0.0,False,0,True,0.7089212685796533,7.78188168199811e-05,0.9702624380678221,5.495519316641285e-08,True,False,True
119,0.01,1.0,0.7,0.9,-0.9629739901672781,False,False,0.0,False,0,True,0.7127730554359442,8.722352682120007e-06,0.9574231485468526,3.431761087214617e-10,True,False,True
120,0.01,1.0,0.9,0.005,-0.009949656946210942,False,False,0.0,False,0,True,0.9000881707002898,0.002284568889475605,0.9991182929971023,0.20991581503767553,True,False,True
121,0.01,1.0,0.9,0.03,-0.058247422522541836,False,False,0.0,False,0,True,0.9007395683768341,0.0018255234284429924,0.9926043162316591,0.003916053411396232,True,False,True
122,0.01,1.0,0.9,0.15,-0.2620545375875422,False,False,0.0,False,0,True,0.9033922710213564,3.507324526000404e-05,0.9660772897864358,7.248076598424113e-08,True,False,True
123,0.01,1.0,0.9,0.5,-0.6912176395532157,False,False,0.0,False,0,True,0.9088771573291056,1.7148571210087033e-09,0.9112284267089445,2.6640365333972857e-17,True,False,True
124,0.01,1.0,0.9,0.9,-1.0204307418807754,False,False,0.0,False,0,True,0.9127680952519928,1.1943998177506099e-12,0.8723190474800726,6.4180082040081255e-24,True,False,True
125,0.01,1.5,0.001,0.005,-1.0049685239800357,False,False,0.0,False,0,True,0.0010000098680611432,3.5928466849554273e-13,0.9999999901220609,5.215216504415154e-21,True,False,True
126,0.01,1.5,0.001,0.03,-1.0289000103608876,False,False,0.0,False,0,True,0.0010003329229992424,3.9865401607358677e-13,0.9999996667437445,1.8737886420474188e-22,True,False,True
127,0.01,1.5,0.001,0.15,-1.1258996976758135,False,False,0.0,False,0,True,0.0010062790302679237,2.2597934215082151e-13,0.9999937146844164,3.0141365571180754e-24,True,False,True
128,0.01,1.5,0.001,0.5,-1.303733362992622,False,False,0.0,False,0,True,0.0010369663830821663,2.938107195818805e-13,0.9999629966135314,7.95953264065712e-25,True,False,True
129,0.01,1.5,0.001,0.9,-1.4139355275964112,False,False,0.0,False,0,True,0.0010703184003779344,2.2379127838705069e-13,0.9999296112108329,2.335521260781385e-25,True,False,True
130,0.01,1.5,0.05,0.005,-1.0049733341350846,False,False,0.0,False,0,True,0.05000013392985662,3.5928442921062315e-13,0.9999998590212037,5.2151845615528906e-21,True,False,True
131,0.01,1.5,0.05,0.03,-1.029065089617939,False,False,0.0,False,0,True,0.05000451807563116,3.985469911059668e-13,0.9999952441309147,1.8724799260342322e-22,True,False,True
132,0.01,1.5,0.05,0.15,-1.1292286513668266,False,False,0.0,False,0,True,0.05008508380396191,2.2428349781018416e-13,0.9999104381010927,2.960056976188678e-24,True,False,True
133,0.01,1.5,0.05,0.5,-1.32571391546219,False,False,0.0,False,0,True,0.05049711239449406,3.114561784679317e-13,0.9994767237952694,8.788216969274208e-25,True,False,True
134,0.01,1.5,0.05,0.9,-1.4586575498552325,False,False,0.0,False,0,True,0.05093806093889619,2.251428864631655e-13,0.9990125674327409,2.2872848072616507e-25,True,False,True
135,0.01,1.5,0.3,0.005,-1.004974144701799,False,False,0.0,False,0,True,0.30000044222624933,3.592835319838545e-13,0.9999993682482153,5.215154326442492e-21,True,False,True
136,0.01,1.5,0.3,0.03,-1.0290936858504942,False,False,0.0,False,0,True,0.30001491791545254,3.9814702753882205e-13,0.9999786886922107,1.8686729214448385e-22,True,False,True
137,0.01,1.5,0.3,0.15,-1.129870719875975,False,False,0.0,False,0,True,0.30028079208373565,2.1805807650178314e-13,0.9995988684518063,2.7965873036583765e-24,True,False,True
138,0.01,1.5,0.3,0.5,-1.3308041454693151,False,False,0.0,False,0,True,0.30163678483523265,4.3147392172959657e-13,0.9976617359496678,1.6816165741143643e-24,True,False,True
139,0.01,1.5,0.3,0.9,-1.4701896612644263,False,False,0.0,False,0,True,0.3030816337384248,3.7569776451230983e-13,0.9955976660879646,6.333712045216707e-25,True,False,True
140,0.01,1.5,0.7,0.005,-1.004974406887409,False,False,0.0,False,0,True,0.7000007779675367,3.5927995975641784e-13,0.9999974067748776,5.215049361120119e-21,True,False,True
141,0.01,1.5,0.7,0.03,-1.0291059298815832,False,False,0.0,False,0,True,0.7000262419655044,3.96559477493388e-13,0.9999125267816517,1.8537854158737155e-22,True,False,True
142,0.01,1.5,0.7,0.15,-1.1303903510329079,False,False,0.0,False,0,True,0.7004933957083566,1.4798475020937349e-13,0.9983553476388113,1.2878079254568642e-24,True,False,True
143,0.01,1.5,0.7,0.5,-1.3377827076758266,False,False,0.0,False,0,True,0.7028628183746262,1.0203886107246122e-12,0.9904572720845793,9.396268121921993e-24,True,False,True
144,0.01,1.5,0.7,0.9,-1.489289779640962,False,False,0.0,False,0,True,0.7053674359693674,6.171644434254759e-13,0.9821085467687753,1.706222068254377e-24,True,False,True
145,0.01,1.5,0.9,0.005,-1.0049745325681014,False,False,0.0,False,0,True,0.9000009198596904,3.592678815440818e-13,0.9999908014030958,5.2146984192329266e-21,True,False,True
146,0.01,1.5,0.9,0.03,-1.0291212089303088,False,False,0.0,False,0,True,0.9000310216646603,3.9133818223636955e-13,0.9996897833533971,1.8052874632408147e-22,True,False,True
147,0.01,1.5,0.9,0.15,-1.1316197549788465,False,False,0.0,False,0,True,0.9005812520070088,1.5186531236265768e-13,0.9941874799299124,1.3561797841629132e-24,True,False,True
148,0.01,1.5,0.9,0.5,-1.3578843062198822,False,False,0.0,False,0,True,0.9033258388799624,8.839283296089671e-13,0.9667416112003759,7.049276810338351e-24,True,False,True
149,0.01,1.5,0.9,0.9,-1.5467465313544595,False,False,0.0,False,0,True,0.9061601436562589,5.625060295001809e-13,0.9383985634374117,1.4166139418068309e-24,True,False,True
150,0.05,0.02,0.001,0.005,1.940331509453056,True,True,48.0,True,1,False,0.9531708353815199,0.6543041304142996,0.046876040659139216,0.02459764198633752,False,False,True
151,0.05,0.02,0.001,0.03,1.8457912103314842,True,True,46.25,True,1,False,0.9538482066576931,0.6497056026868074,0.04619799133364054,0.023926450378424842,False,False,False
152,0.05,0.02,0.001,0.15,1.4661536855339765,True,True,44.5,True,1,False,0.9544670708539543,0.6453962577306978,0.04557850765369938,0.02332024289541251,False,False,False
153,0.05,0.02,0.001,0.5,0.7879998517035554,True,True,43.125,True,1,False,0.9549457191978499,0.6419901049202009,0.045099380182332456,0.022856027849508395,False,False,False
154,0.05,0.02,0.001,0.9,0.38295394096531293,True,True,42.5,True,1,False,0.9551678785339711,0.6403869310870107,0.044876998464493376,0.022641998455328237,False,False,False
155,0.05,0.02,0.05,0.005,1.940307458677811,True,True,30.25,True,1,False,0.9631777550681214,0.5936907323114434,0.03876025782303008,0.016123128414772335,False,False,True
156,0.05,0.02,0.05,0.03,1.8449658140462275,True,True,28.375,True,1,False,0.9636503625554628,0.5890191639614026,0.038262776257407614,0.01572667838424287,False,False,False
157,0.05,0.02,0.05,0.15,1.4495089170789113,True,True,26.625,True,1,False,0.9640834368006048,0.5846447398889731,0.0378069086309423,0.01536724408246956,False,False,False
158,0.05,0.02,0.05,0.5,0.678097089355718,True,True,25.25,True,1,False,0.9644196030118789,0.5811856688081607,0.0374530494611801,0.015090780852181629,False,False,False
159,0.05,0.02,0.05,0.9,0.1593438296712053,True,True,24.625,True,1,False,0.9645760922341279,0.5795560936872691,0.037288323964075915,0.01496285689512349,False,False,False
160,0.05,0.02,0.3,0.005,1.9403034058442388,True,True,10.75,True,1,False,0.9832790614259038,0.4279236162046873,0.023887055105851686,0.00451482179337458,False,False,True
161,0.05,0.02,0.3,0.03,1.844822832883451,True,True,9.0,True,1,False,0.9834645851611975,0.4229160871483657,0.023622021198289284,0.00441538696324378,False,False,False
162,0.05,0.02,0.3,0.15,1.446298574533169,True,True,7.125,True,1,False,0.9836352269224674,0.4182400873236164,0.02337824725361799,0.004323649451680802,False,False,False
163,0.05,0.02,0.3,0.5,0.6526459393200906,True,True,5.5,True,1,False,0.9837686504218723,0.4145363728481109,0.02318764225446809,0.004242509010498324,False,False,False
164,0.05,0.02,0.3,0.9,0.10168327262523691,True,True,4.125,True,1,False,0.9838311967789115,0.4127855943441856,0.0230982903158407,0.0041839165167162524,False,False,False
165,0.05,0.02,0.7,0.005,1.94030209491619,True,True,7.625,True,1,False,0.9973319207323909,0.15477859880418351,0.008893597558697156,0.0005199507362209045,False,False,True
166,0.05,0.02,0.7,0.03,1.8447616127280058,True,True,5.75,True,1,False,0.9973578292897362,0.1512317729183923,0.008807235700879488,0.0005089782042741892,False,False,False
167,0.05,0.02,0.7,0.15,1.4437004187485054,True,True,3.875,True,1,False,0.9973818143933852,0.1479453965786474,0.008727285355382511,0.0004958911334090529,False,False,False
168,0.05,0.02,0.7,0.5,0.6177531282875337,True,True,2.125,True,1,False,0.9974010260118449,0.1453134259575529,0.008663246627183725,0.0004591422750915431,False,False,False
169,0.05,0.02,0.7,0.9,0.006182680742556974,True,True,0.0,False,0,True,0.9974102750212488,0.14404830284793585,0.008632416595837354,0.00037432778111032896,False,False,False
170,0.05,0.02,0.9,0.005,1.9403014665127265,True,True,6.25,True,1,False,0.9997216755363451,0.048565263554559146,0.0027832446365494428,7.254142202037227e-05,False,False,True
171,0.05,0.02,0.9,0.03,1.8446852174843782,True,True,4.375,True,1,False,0.999724222783347,0.04702808520778499,0.0027577721665295045,7.09442538319728e-05,False,False,False
172,0.05,0.02,0.9,0.15,1.4375533990188107,True,True,2.625,True,1,False,0.9997266545562923,0.045661624941799976,0.0027334544370771767,6.753798919999476e-05,False,False,False
173,0.05,0.02,0.9,0.5,0.5172451355672549,True,True,0.875,True,1,False,0.9997289257536444,0.044932116404801485,0.002710742463556404,5.179711314684641e-05,False,False,False
174,0.05,0.02,0.9,0.9,-0.2811010778249297,False,True,0.0,False,0,True,0.9997302199555546,0.044960122439076024,0.002697800444454446,3.096374276124501e-05,False,False,False
175,0.05,0.1,0.001,0.005,1.7811275293535538,True,True,52.0,True,1,False,0.9234204916420615,0.07131917420387593,0.07665616452246093,0.019156529776491658,False,True,True
176,0.05,0.1,0.001,0.03,1.6904514045062415,True,True,50.0,True,1,False,0.923926350761393,0.0672754679629413,0.07614979903764468,0.01791209698009122,False,True,False
177,0.05,0.1,0.001,0.15,1.327023250751368,True,True,48.125,True,1,False,0.9243726114531446,0.06365686401263705,0.07570309163849386,0.016792993398241265,False,True,False
178,0.05,0.1,0.001,0.5,0.6813331850368888,True,True,46.625,True,1,False,0.9247084244902395,0.060898326036161306,0.07536694245221272,0.015936536203411157,False,True,False
179,0.05,0.1,0.001,0.9,0.2987434146495235,True,False,45.875,True,1,False,0.9248615452558473,0.059629446375384865,0.07521366841256527,0.015541647464326562,False,True,False
180,0.05,0.1,0.05,0.005,1.7811034785783086,True,True,32.5,True,1,False,0.9324649122987324,0.03323278098367632,0.07108956600133431,0.006796316435918127,False,True,True
181,0.05,0.1,0.05,0.03,1.6896260082209849,True,True,30.5,True,1,False,0.9326542071554291,0.031196544045778513,0.07089030825744302,0.006219978855979428,False,True,False
182,0.05,0.1,0.05,0.15,1.3103784822963025,True,True,28.625,True,1,False,0.9328178002733948,0.029389088378048232,0.07071810497537392,0.005713417299893347,False,True,False
183,0.05,0.1,0.05,0.5,0.5714304226890513,True,True,27.125,True,1,False,0.9329388509528408,0.028018722379945175,0.07059068320753602,0.005333179380537232,False,True,False
184,0.05,0.1,0.05,0.9,0.0751333033554158,True,False,26.375,True,1,False,0.9329934816355194,0.027390006343982982,0.07053317722576903,0.005159974577325916,False,True,False
185,0.05,0.1,0.3,0.005,1.7810994257447366,True,True,11.625,True,1,False,0.9571294176650444,0.0038370155306943184,0.06124368904993651,0.00012400196373850927,False,True,True
186,0.05,0.1,0.3,0.03,1.6894830270582084,True,True,9.5,True,1,False,0.9571341727688734,0.0035463700459310637,0.06123689604446663,0.00010687648616618494,False,True,False
187,0.05,0.1,0.3,0.15,1.3071681397505601,True,True,7.625,True,1,False,0.9571380564912916,0.003292292080256948,0.061231347869583466,9.280140901858549e-05,False,True,False
188,0.05,0.1,0.3,0.5,0.545979272653424,True,True,5.75,True,1,False,0.9571408066217854,0.0031012177570610326,0.06122741911173521,8.254283707777709e-05,False,True,False
189,0.05,0.1,0.3,0.9,0.017472746309447437,True,False,3.625,True,1,False,0.9571420162703601,0.003013739821886795,0.061225691042342704,7.738940946615184e-05,False,True,False
190,0.05,0.1,0.7,0.005,1.7810981148166878,True,True,8.25,True,1,False,0.9887576906529051,1.930102620290506e-05,0.037474364490316374,2.9853318506592744e-09,False,True,True
191,0.05,0.1,0.7,0.03,1.6894218069027631,True,True,6.125,True,1,False,0.9887576978476337,1.700928307504291e-05,0.03747434050788774,2.3179472167646086e-09,False,True,False
192,0.05,0.1,0.7,0.15,1.3045699839658969,True,True,4.25,True,1,False,0.9887578583725332,1.5082939047855868e-05,0.03747380542488946,1.8089578986201164e-09,False,True,False
193,0.05,0.1,0.7,0.5,0.5110864616208671,True,True,2.125,True,1,False,0.9887591216570742,1.3644492891547684e-05,0.03746959447641917,1.3765854249611698e-09,False,True,False
194,0.05,0.1,0.7,0.9,-0.0780278455732325,False,False,0.0,False,0,True,0.9887611166475297,1.2973578179996055e-05,0.03746294450823417,9.437056280464008e-10,False,True,False
195,0.05,0.1,0.9,0.005,1.781097486413224,True,True,6.75,True,1,False,0.9986050301003647,9.989888080301941e-08,0.013949698996352792,1.1489150745870852e-13,False,True,True
196,0.05,0.1,0.9,0.03,1.6893454116591355,True,True,4.75,True,1,False,0.9986051731019071,8.392075988768116e-08,0.013948268980928939,8.096947962304638e-14,False,True,False
197,0.05,0.1,0.9,0.15,1.298422964236202,True,True,2.75,True,1,False,0.9986083611379468,7.077660215543233e-08,0.013916388620531798,5.5645445280151507e-14,False,True,False
198,0.05,0.1,0.9,0.5,0.41057846890058824,True,True,0.75,True,1,False,0.998630328077594,6.04199453779954e-08,0.01369671922406002,3.042015196847133e-14,False,True,False
199,0.05,0.1,0.9,0.9,-0.3653116041407192,False,False,0.0,False,0,True,0.9986574723624426,5.559004402125019e-08,0.013425276375573784,1.4761437544202112e-14,False,True,False
200,0.05,0.3,0.001,0.005,1.3831175791047976,True,True,64.875,True,1,False,0.7155233505303367,0.028843919726636878,0.28476141088054385,0.01206222300822624,False,False,True
201,0.05,0.3,0.001,0.03,1.3021018899431347,True,True,62.25,True,1,False,0.7157943276406775,0.02714023516402316,0.28449016252184434,0.010797294936047181,False,False,False
202,0.05,0.3,0.001,0.15,0.9791971637948462,True,True,59.75,True,1,False,0.7160268043051855,0.02561943364338886,0.28425745314796247,0.009716531669163916,False,False,False
203,0.05,0.3,0.001,0.5,0.41466651837022206,True,True,57.75,True,1,False,0.7162000282222315,0.02444519228880765,0.2840840558336021,0.008914262768629689,False,False,False
204,0.05,0.3,0.001,0.9,0.0882170988600498,True,False,56.75,True,1,False,0.7162786524593732,0.02389927887004864,0.28400535289352036,0.008551046028667226,False,False,False
205,0.05,0.3,0.05,0.005,1.3830935283295525,True,True,39.0,True,1,False,0.7332473159156958,0.013149040342783245,0.2807922990361097,0.002596221766606885,False,False,True
206,0.05,0.3,0.05,0.03,1.3012764936578778,True,True,36.375,True,1,False,0.7333105740831131,0.012388997549964973,0.2807257114914599,0.0023168122436940768,False,False,False
207,0.05,0.3,0.05,0.15,0.9625523953397809,True,True,33.875,True,1,False,0.7333647155444774,0.011707228571522201,0.28066872047949754,0.002078565021108881,False,False,False
208,0.05,0.3,0.05,0.5,0.3047637560223847,True,True,31.75,True,1,False,0.7334050644083108,0.01117731584477573,0.28062624799125185,0.0019015943507314232,False,False,False
209,0.05,0.3,0.05,0.9,-0.13539301243405788,False,False,30.75,True,1,False,0.7334234111178328,0.010929427084566137,0.28060693566543915,0.001821297498648014,False,False,False
210,0.05,0.3,0.3,0.005,1.3830894754959804,True,True,13.875,True,1,False,0.8137070090074576,0.0009991124818282304,0.26613284427506056,1.1501349396136767e-05,False,False,True
211,0.05,0.3,0.3,0.03,1.3011335124951013,True,True,11.25,True,1,False,0.8137074219303001,0.0009140115049836063,0.2661322543852856,9.63122241838027e-06,False,False,False
212,0.05,0.3,0.3,0.15,0.9593420527940386,True,True,8.625,True,1,False,0.8137077554901173,0.0008392495880701689,0.266131777871261,8.116819516988086e-06,False,False,False
213,0.05,0.3,0.3,0.5,0.27931260598675745,True,True,5.75,True,1,False,0.8137079989215033,0.0007816943576178483,0.26613143011213825,6.9713900774735365e-06,False,False,False
214,0.05,0.3,0.3,0.9,-0.19305356948002622,False,False,0.0,False,0,True,0.8137081152237957,0.0007547535338529734,0.2661312639660061,4.909880317265261e-06,False,False,False
215,0.05,0.3,0.7,0.005,1.3830881645679316,True,True,10.25,True,1,False,0.9386759293025829,1.3452280189436795e-08,0.20441356899139024,1.9043232538789237e-15,False,False,True
216,0.05,0.3,0.7,0.03,1.301072292339656,True,True,7.625,True,1,False,0.9386764411534617,1.0477745702693128e-08,0.20441186282179424,1.15464852597975e-15,False,False,False
217,0.05,0.3,0.7,0.15,0.956743897009375,True,True,5.0,True,1,False,0.9386883331982946,8.165040788563443e-09,0.20437222267235133,6.923795446095648e-16,False,False,False
218,0.05,0.3,0.7,0.5,0.2444197949542004,True,True,1.875,True,1,False,0.9387864790209484,6.216972310691652e-09,0.2040450699301721,3.5050814558689214e-16,False,False,False
219,0.05,0.3,0.7,0.9,-0.2885541613627062,False,False,0.0,False,0,True,0.9389475723774752,5.038639201522693e-09,0.20350809207508275,1.3761873229457237e-16,False,False,False
220,0.05,0.3,0.9,0.005,1.383087536164468,True,True,8.5,True,1,False,0.9894792802659242,9.40005179581103e-13,0.10520719734075759,1.3850953829196218e-23,False,False,True
221,0.05,0.3,0.9,0.03,1.3009958970960287,True,True,5.875,True,1,False,0.9894852786245873,1.1212353119832943e-13,0.10514721375412653,1.9659208429877172e-25,False,False,False
222,0.05,0.3,0.9,0.15,0.9505968772796805,True,True,3.125,True,1,False,0.9896203723696382,5.460149092695358e-13,0.10379627630361823,4.4147787695818696e-24,False,False,False
223,0.05,0.3,0.9,0.5,0.14391180223392158,True,True,0.375,True,1,False,0.9905059374485896,1.9796147334420327e-13,0.0949406255141039,3.654456464071392e-25,False,True,False
224,0.05,0.3,0.9,0.9,-0.5758379199301928,False,False,0.0,False,0,True,0.9914532837696578,5.823511190281186e-13,0.08546716230342201,1.612173738427802e-24,False,True,False
225,0.05,0.7,0.001,0.005,0.5870976786072849,True,True,137.25,True,1,False,0.1857169038982693,0.15001917198054618,0.8150981942960267,0.7281357099710708,False,False,True
226,0.05,0.7,0.001,0.03,0.5254028608169212,True,True,131.0,True,1,False,0.19205935138991181,0.14341740245370682,0.8087493980080963,0.6883153933409584,False,False,False
227,0.05,0.7,0.001,0.15,0.2835449898818026,True,True,124.625,True,1,False,0.1982546051838868,0.1368440350634955,0.8025479427588721,0.6475509143880959,False,False,False
228,0.05,0.7,0.001,0.5,-0.11866681496311118,False,False,118.5,True,1,False,0.2037314781336199,0.13092571043796383,0.7970655874538339,0.6101180047052112,True,False,False
229,0.05,0.7,0.001,0.9,-0.3328355327188975,False,False,115.25,True,1,False,0.20649857527347915,0.12789593981079939,0.7942957204469678,0.5907520551445758,True,False,False
230,0.05,0.7,0.05,0.005,0.58707362783204,True,True,55.875,True,1,False,0.2863228604217353,0.07835663003305787,0.7512390942929101,0.23056970403712726,False,False,True
231,0.05,0.7,0.05,0.03,0.5245774645316645,True,True,49.625,True,1,False,0.2889463439080838,0.07475053693670052,0.7484775327283328,0.21282075871306683,False,False,False
232,0.05,0.7,0.05,0.15,0.26690022142673736,True,True,43.25,True,1,False,0.2914611284000523,0.0712502950573967,0.7458303911578397,0.19601915973856598,False,False,False
233,0.05,0.7,0.05,0.5,-0.22856957731094862,False,False,0.0,False,1,False,0.2936770563441919,0.068129173586512,0.7434978354271664,0.11411827436623259,True,False,False
234,0.05,0.7,0.05,0.9,-0.5564456440130052,False,False,0.0,False,1,False,0.29480598272818775,0.06652534422611056,0.7423094918650656,0.05421976550272683,True,False,False
235,0.05,0.7,0.3,0.005,0.5870695749984677,True,True,24.875,True,1,False,0.5038306337831645,0.023834585574635823,0.708813380309765,0.016604173170168976,False,False,True
236,0.05,0.7,0.3,0.03,0.524434483368888,True,True,18.625,True,1,False,0.5042317894885222,0.02267942095374121,0.7082403007306826,0.015078181372710903,False,False,False
237,0.05,0.7,0.3,0.15,0.2636898788809951,True,True,11.25,True,1,False,0.5046166575579122,0.02155602918836541,0.7076904892029826,0.01339785705545973,False,False,False
238,0.05,0.7,0.3,0.5,-0.2540207273465758,False,False,0.0,False,0,True,0.5049779761113474,0.020487638860955015,0.7071743198409323,0.005048791145038134,True,False,False
239,0.05,0.7,0.3,0.9,-0.6141062010589736,False,False,0.0,False,0,True,0.5051829082894974,0.019876651700674722,0.7068815595864323,0.0023578000777736974,True,False,False
240,0.05,0.7,0.7,0.005,0.587068264070419,True,True,20.0,True,1,False,0.7993198757650772,0.00025625679586145205,0.6689337474497424,2.365016944819295e-06,False,False,True
241,0.05,0.7,0.7,0.03,0.5243732632134428,True,True,13.75,True,1,False,0.7993292839855543,0.00020964791294723447,0.668902386714819,1.5770445538751939e-06,False,False,True
242,0.05,0.7,0.7,0.15,0.26109172309633144,True,True,6.25,True,1,False,0.7995804772546544,0.00014735797618230733,0.6680650758178185,6.996731377416099e-07,False,False,True
243,0.05,0.7,0.7,0.5,-0.2889135383791329,False,False,0.0,False,0,True,0.8023640247690754,2.389420857665448e-05,0.6587865841030818,5.627453466763447e-09,False,False,True
244,0.05,0.7,0.7,0.9,-0.7096067929416535,False,False,0.0,False,0,True,0.8075214922011392,9.933456700721326e-07,0.6415950259962024,4.837181066334033e-12,False,False,True
245,0.05,0.7,0.9,0.005,0.5870676356669554,True,True,16.625,True,1,False,0.9405876035301237,6.207318850383957e-10,0.5941239646987629,2.346303149580908e-17,False,False,True
246,0.05,0.7,0.9,0.03,0.5242968679698153,True,True,10.375,True,1,False,0.9406616023649992,2.7858915249607623e-10,0.5933839763500083,4.654205312979711e-18,False,False,True
247,0.05,0.7,0.9,0.15,0.2549447033666369,True,True,3.0,True,1,False,0.942462316300279,4.8218281272188825e-12,0.5753768369972102,9.78406265240642e-22,False,False,True
248,0.05,0.7,0.9,0.5,-0.3894215310994117,False,False,0.0,False,0,True,0.9529801310863818,1.2681027889331326e-13,0.4701986891361821,1.5035307542251658e-25,False,False,False
249,0.05,0.7,0.9,0.9,-0.9968905515091402,False,False,0.0,False,0,True,0.961976130498716,2.719384080220603e-13,0.38023869501284013,3.4454382885457362e-25,False,False,False
250,0.05,1.0,0.001,0.005,-0.009917246765849484,False,False,0.0,False,0,True,0.0010049695906525157,0.0024987614734288035,0.9999950254347822,0.2518310623312862,True,False,True
251,0.05,1.0,0.001,0.03,-0.057121411027739,False,False,0.0,False,0,True,0.0010504625464596545,0.0042643279813309835,0.9999494869404808,0.021962946097421165,True,False,True
252,0.05,1.0,0.001,0.15,-0.2381941405529801,False,False,0.0,False,0,True,0.0012717205456124288,0.004710169790617072,0.9997280074618494,0.0015163450647693061,True,False,True
253,0.05,1.0,0.001,0.5,-0.5186668149631113,False,False,0.0,False,0,True,0.0018053809364472078,0.004567941666497294,0.9991938128764292,0.00027591016033642104,True,False,True
254,0.05,1.0,0.001,0.9,-0.648625006403108,False,False,0.0,False,0,True,0.002249860281288235,0.004384986037424425,0.998748888607319,0.00014585583373884618,True,False,True
255,0.05,1.0,0.05,0.005,-0.009941297541094478,False,False,0.0,False,0,True,0.05006712694405955,0.002482427155456774,0.9999293400588847,0.24795901176041332,True,False,True
256,0.05,1.0,0.05,0.03,-0.05794680731299568,False,False,0.0,False,0,True,0.05066267588159787,0.003995286608858155,0.9993024464404233,0.01883103274992938,True,False,True
257,0.05,1.0,0.05,0.15,-0.25483890900804534,False,False,0.0,False,0,True,0.05332003608147179,0.003351423291351864,0.9965052251773981,0.0006844930342647998,True,False,True
258,0.05,1.0,0.05,0.5,-0.6285695773109486,False,False,0.0,False,0,True,0.05886680749928303,0.0017042344523353582,0.9906665184218073,2.9045257767480945e-05,True,False,True
259,0.05,1.0,0.05,0.9,-0.8722351176972158,False,False,0.0,False,0,True,0.06291698156017983,0.0009671098652952612,0.986403177305074,4.849026345526173e-06,True,False,True
260,0.05,1.0,0.3,0.005,-0.009945350374666694,False,False,0.0,False,0,True,0.3002187076089034,0.002422694347548985,0.9996875605587096,0.23610105505048284,True,False,True
261,0.05,1.0,0.3,0.03,-0.058089788475772224,False,False,0.0,False,0,True,0.3020356755939118,0.003152731082751349,0.9970918920086975,0.011695578495876761,True,False,True
262,0.05,1.0,0.3,0.15,-0.2580492515537876,False,False,0.0,False,0,True,0.3096550873460142,0.0008945711177781088,0.9862070180771226,4.795420466373696e-05,True,False,True
263,0.05,1.0,0.3,0.5,-0.6540207273465759,False,False,0.0,False,0,True,0.32536033320767943,2.5836660142932754e-05,0.963770952560458,6.3414348651359245e-09,True,False,True
264,0.05,1.0,0.3,0.9,-0.9298956747431841,False,False,0.0,False,0,True,0.33666632703603616,1.5180595825599191e-06,0.9476195328056627,1.1091340654623751e-11,True,False,True
265,0.05,1.0,0.7,0.005,-0.009946661302715475,False,False,0.0,False,0,True,0.7003659905377791,0.0022042482365166945,0.998780031540736,0.19550129833838462,True,False,True
266,0.05,1.0,0.7,0.03,-0.0581510086312175,False,False,0.0,False,0,True,0.7029344901510118,0.0013217258127558214,0.9902183661632937,0.0020595260424547445,True,False,True
267,0.05,1.0,0.7,0.15,-0.26064740733845126,False,False,0.0,False,0,True,0.7134686630786551,5.031426261335221e-06,0.9551044564044829,1.506984272661365e-09,True,False,True
268,0.05,1.0,0.7,0.5,-0.6889135383791329,False,False,0.0,False,0,True,0.7356158673276765,5.849510884282353e-12,0.8812804422410783,3.183100239066267e-22,True,False,True
269,0.05,1.0,0.7,0.9,-1.0253962666258642,False,False,0.0,False,0,True,0.7515130769391811,1.0913068377124989e-13,0.8282897435360628,5.565125172502379e-26,True,False,True
270,0.05,1.0,0.9,0.005,-0.009947289706179058,False,False,0.0,False,0,True,0.9003751492203201,0.0016488316318324934,0.9962485077967989,0.10950376070680892,True,False,True
271,0.05,1.0,0.9,0.03,-0.05822740387484492,False,False,0.0,False,0,True,0.9025068161758453,0.00011650980677849622,0.9749318382415475,1.6027228538377876e-05,True,False,True
272,0.05,1.0,0.9,0.15,-0.2667944270681458,False,False,0.0,False,0,True,0.9115507228614751,8.32818899283672e-12,0.8844927713852493,4.11155900380449e-21,True,False,True
273,0.05,1.0,0.9,0.5,-0.7894215310994118,False,False,0.0,False,0,True,0.9305733227827763,1.9614856052036273e-13,0.6942667721722374,3.540664847763993e-25,False,False,True
274,0.05,1.0,0.9,0.9,-1.3126800251933508,False,False,0.0,False,0,True,0.9434569524271836,9.019819339407327e-13,0.5654304757281637,3.741716802962917e-24,False,False,True
275,0.05,1.5,0.001,0.005,-1.00494212238774,False,False,0.0,False,0,True,0.0010000493409529673,3.5928458944926836e-13,0.9999999506096566,5.2153514470813646e-21,True,False,True
276,0.05,1.5,0.001,0.03,-1.027995197435506,False,False,0.0,False,0,True,0.0010016653517593785,3.986212369063247e-13,0.9999983329812219,1.8751437749152556e-22,True,False,True
277,0.05,1.5,0.001,0.15,-1.1077593579442844,False,False,0.0,False,0,True,0.0010316572801321116,2.2512077300251765e-13,0.9999683110308988,3.0413607490511058e-24,True,False,True
278,0.05,1.5,0.001,0.5,-1.1853334816297778,False,False,0.0,False,0,True,0.0011939163370184305,3.434277000016424e-13,0.999805889552534,1.1946180764979525e-24,True,False,True
279,0.05,1.5,0.001,0.9,-1.1749407958767923,False,False,0.0,False,0,True,0.001384441381266994,2.586835425998209e-13,0.9996151737925255,3.704612866387472e-25,True,False,True
280,0.05,1.5,0.05,0.005,-1.004966173162985,False,False,0.0,False,0,True,0.05000066965129906,3.5928339693493293e-13,0.9999992951038958,5.21519184508521e-21,True,False,True
281,0.05,1.5,0.05,0.03,-1.0288205937207626,False,False,0.0,False,0,True,0.05002259268295896,3.9808699933624073e-13,0.9999762182284643,1.868610241669697e-22,True,False,True
282,0.05,1.5,0.05,0.15,-1.1244041263993496,False,False,0.0,False,0,True,0.05042624958890128,2.1701639877731685e-13,0.9995513162222092,2.7839154672278303e-24,True,False,True
283,0.05,1.5,0.05,0.5,-1.2952362439776155,False,False,0.0,False,0,True,0.052514502941102235,4.819842082400471e-13,0.9973531547988398,2.16030115466934e-24,True,False,True
284,0.05,1.5,0.05,0.9,-1.3985509071709,False,False,0.0,False,0,True,0.05479418833674648,4.9737633842471e-13,0.9949534859613196,1.1719311209469682e-24,True,False,True
285,0.05,1.5,0.3,0.005,-1.0049702259965572,False,False,0.0,False,0,True,0.3000022111300356,3.592789246544094e-13,0.9999968412428064,5.215041072240162e-21,True,False,True
286,0.05,1.5,0.3,0.03,-1.028963574883539,False,False,0.0,False,0,True,0.3000745883558922,3.9610401455626225e-13,0.9998934452058684,1.8497899017897577e-22,True,False,True
287,0.05,1.5,0.3,0.15,-1.1276144689450922,False,False,0.0,False,0,True,0.3014037332698434,1.4702628744024429e-13,0.9979946667573667,1.2745436873972227e-24,True,False,True
288,0.05,1.5,0.3,0.5,-1.3206873940132426,False,False,0.0,False,0,True,0.3081861756630567,8.410085846300775e-13,0.9883054633384905,6.480939488163792e-24,True,False,True
289,0.05,1.5,0.3,0.9,-1.4562114642168682,False,False,0.0,False,0,True,0.3154320464348827,1.1948292619352316e-13,0.9779542193787389,6.578955101277955e-26,True,False,True
290,0.05,1.5,0.7,0.005,-1.004971536924606,False,False,0.0,False,0,True,0.7000038898033106,3.5926095474345184e-13,0.9999870339889644,5.2145131034614336e-21,True,False,True
291,0.05,1.5,0.7,0.03,-1.0290247950389846,False,False,0.0,False,0,True,0.7001311718905036,3.884396036951748e-13,0.999562760364988,1.778824875587328e-22,True,False,True
292,0.05,1.5,0.7,0.15,-1.1302126247297555,False,False,0.0,False,0,True,0.7024551954708651,1.1361692492766099e-13,0.9918160150971161,7.605240463196226e-25,True,False,True
293,0.05,1.5,0.7,0.5,-1.3555802050457995,False,False,0.0,False,0,True,0.7140021316188928,1.5298353069474445e-13,0.9533262279370238,2.1343526672647325e-25,True,False,True
294,0.05,1.5,0.7,0.9,-1.551712056099548,False,False,0.0,False,0,True,0.7258771490345599,5.558677051844999e-13,0.9137428365514668,1.4108314288334668e-24,True,False,True
295,0.05,1.5,0.9,0.005,-1.0049721653280697,False,False,0.0,False,0,True,0.9000045991364004,3.5919952054910233e-13,0.9999540086359961,5.212728323503976e-21,True,False,True
296,0.05,1.5,0.9,0.03,-1.029101190282612,False,False,0.0,False,0,True,0.9001549293098503,3.651709380792933e-13,0.9984507069014972,1.5720783640378034e-22,True,False,True
297,0.05,1.5,0.9,0.15,-1.1363596444594504,False,False,0.0,False,0,True,0.9028519724448643,6.453667596344331e-13,0.9714802755513576,2.4532532113928856e-23,True,False,True
298,0.05,1.5,0.9,0.5,-1.4560881977660785,False,False,0.0,False,0,True,0.915309211662956,3.600745257522934e-13,0.8469078833704404,1.180078378564221e-24,False,False,True
299,0.05,1.5,0.9,0.9,-1.8389958146670349,False,False,0.0,False,0,True,0.9268960807318075,1.0882760678610804e-13,0.731039192681925,5.383020471876137e-26,False,False,True
300,0.2,0.02,0.001,0.005,1.9404305154241646,True,True,16.25,True,1,False,0.992178374526147,0.14583364626748516,0.007829454928781792,0.0007277894467745466,False,False,True
301,0.2,0.02,0.001,0.03,1.8491842588016656,True,True,14.5,True,1,False,0.9922589021731945,0.14227469380784402,0.007748846673479022,0.0007118707077148481,False,False,False
302,0.2,0.02,0.001,0.15,1.53417995952721,True,True,12.75,True,1,False,0.992332876462229,0.1390042405661853,0.0076747983361071,0.0006973605470044161,False,False,False
303,0.2,0.02,0.001,0.5,1.2319994068142215,True,True,11.375,True,1,False,0.99239039465209,0.13646115382159446,0.007617222570480479,0.0006861625744080758,False,False,False
304,0.2,0.02,0.001,0.9,1.2791841849138834,True,True,10.625,True,1,False,0.9924172048681202,0.13527586241744932,0.007590385517397158,0.0006809658383854761,False,False,False
305,0.2,0.02,0.05,0.005,1.9403343123231842,True,True,11.875,True,1,False,0.9931239278660002,0.12988966115734593,0.007237970667368175,0.0005852604412676581,False,False,True
306,0.2,0.02,0.05,0.03,1.8458826736606386,True,True,10.125,True,1,False,0.9931925495931326,0.12662817267732931,0.007165737270386701,0.0005727276542400776,False,False,False
307,0.2,0.02,0.05,0.15,1.4676008857069494,True,True,8.375,True,1,False,0.9932557037399825,0.12362960261748358,0.007099259221071043,0.0005612029455471135,False,False,False
308,0.2,0.02,0.05,0.5,0.792388357422872,True,True,6.875,True,1,False,0.9933051437222922,0.1212849045713138,0.007047217134429293,0.0005517025407052181,False,False,False
309,0.2,0.02,0.05,0.9,0.3847437397374528,True,True,6.25,True,1,False,0.9933283779927367,0.12018410493045223,0.007022760007645627,0.0005465314832699437,False,False,False
310,0.2,0.02,0.3,0.005,1.9403181009888955,True,True,8.0,True,1,False,0.9964397949869778,0.08657515188869123,0.005086007161460333,0.00023948506385872907,False,False,True
311,0.2,0.02,0.3,0.03,1.8453107490095324,True,True,6.125,True,1,False,0.9964735821096216,0.08414295365847886,0.005037739843397774,0.0002343904040908909,False,False,False
312,0.2,0.02,0.3,0.15,1.45475951552398,True,True,4.25,True,1,False,0.9965048710670817,0.08190487204010961,0.004993041332740367,0.00022869485919976935,False,False,False
313,0.2,0.02,0.3,0.5,0.6905837572803629,True,True,2.625,True,1,False,0.9965300502229425,0.08013041793698719,0.004957071110082145,0.00021580095182001103,False,False,False
314,0.2,0.02,0.3,0.9,0.15410151155357932,True,True,1.375,True,1,False,0.9965422985606283,0.07929100521219373,0.004939573484816773,0.0001955548575451209,False,False,False
315,0.2,0.02,0.7,0.005,1.9403128572767003,True,True,6.125,True,1,False,0.9993788738054405,0.038908151557108125,0.002070420648531505,4.822277847415861e-05,False,False,True
316,0.2,0.02,0.7,0.03,1.8450658683877514,True,True,4.25,True,1,False,0.9993845586011482,0.037633474708510015,0.0020514713295061156,4.717145986912652e-05,False,False,False
317,0.2,0.02,0.7,0.15,1.4443668923853257,True,True,2.5,True,1,False,0.9993900513924348,0.03655799801126475,0.0020331620252174902,4.470740548443496e-05,False,False,False
318,0.2,0.02,0.7,0.5,0.5510125131501349,True,True,0.75,True,1,False,0.9993954909311676,0.03635447357638516,0.0020150302294411984,3.37722979716248e-05,False,False,False
319,0.2,0.02,0.7,0.9,-0.22790085597714047,False,True,0.0,False,0,True,0.9993987369356556,0.03687601084198033,0.002004210214481272,2.0418929982199122e-05,False,False,False
320,0.2,0.02,0.9,0.005,1.940310343662846,True,True,5.125,True,1,False,0.9999327187193648,0.015659001965524916,0.0006728128063515638,9.770280609353207e-06,False,False,True
321,0.2,0.02,0.9,0.03,1.8447602874132418,True,True,3.25,True,1,False,0.9999333388427007,0.01513578138774868,0.000666611572992526,9.514727085783888e-06,False,False,False
322,0.2,0.02,0.9,0.15,1.4197788134665474,True,True,1.375,True,1,False,0.9999340581165743,0.015252948659763083,0.0006594188342567976,8.232572132566702e-06,False,False,False
323,0.2,0.02,0.9,0.5,0.14898054226901963,True,True,0.125,True,1,False,0.9999350845017382,0.018609886724672245,0.0006491549826181943,3.7920801766347912e-06,False,False,False
324,0.2,0.02,0.9,0.9,-1.377035890247087,False,True,0.0,False,0,True,0.9999356422691881,0.022575163317363645,0.0006435773081192587,1.8719509719817552e-06,False,False,False
325,0.2,0.1,0.001,0.005,1.781226535324662,True,True,17.625,True,1,False,0.9665546615600651,1.7250098165511994e-05,0.0334788172571921,4.255021466879442e-09,False,True,True
326,0.2,0.1,0.001,0.03,1.693844452976423,True,True,15.625,True,1,False,0.9665546619926272,1.508090525147184e-05,0.03347881682419701,3.252510055908313e-09,False,True,False
327,0.2,0.1,0.001,0.15,1.3950495247446018,True,True,13.75,True,1,False,0.9665546627548385,1.3286938524958361e-05,0.033478816061222744,2.5249452380897008e-09,False,True,False
328,0.2,0.1,0.001,0.5,1.125332740147555,True,True,12.25,True,1,False,0.9665546667210015,1.2008676788104462e-05,0.03347881209108955,2.06260497339964e-09,False,True,False
329,0.2,0.1,0.001,0.9,1.194973658598094,True,False,11.5,True,1,False,0.9665546731442395,1.144541735501374e-05,0.03347880566142194,1.873631403039633e-09,False,True,False
330,0.2,0.1,0.05,0.005,1.781130332223682,True,True,12.875,True,1,False,0.9695129684254524,9.488888725431873e-06,0.03209161218373429,1.2157350601444784e-09,False,True,True
331,0.2,0.1,0.05,0.03,1.690542867835396,True,True,10.875,True,1,False,0.9695129696368251,8.27230514131884e-06,0.03209161090860516,9.24031599628143e-10,False,True,False
332,0.2,0.1,0.05,0.15,1.3284704509243406,True,True,9.0,True,1,False,0.9695129945036426,7.267238370353515e-06,0.0320915847330078,7.13070847323325e-10,False,True,False
333,0.2,0.1,0.05,0.5,0.6857216907562054,True,True,7.375,True,1,False,0.969513194550539,6.547128117729948e-06,0.0320913741573274,5.779796123923174e-10,False,True,False
334,0.2,0.1,0.05,0.9,0.3005332134216633,True,False,6.625,True,1,False,0.9695135259456228,6.226947102530766e-06,0.032091025320397065,5.216054625886246e-10,False,True,False
335,0.2,0.1,0.3,0.005,1.7811141208893928,True,True,8.625,True,1,False,0.9829396717879817,1.302524420059602e-06,0.024371897445740438,1.9163106841645347e-11,False,True,True
336,0.2,0.1,0.3,0.03,1.68997094318429,True,True,6.625,True,1,False,0.9829397362449775,1.117856162665382e-06,0.02437180536431779,1.4112667685564775e-11,False,True,False
337,0.2,0.1,0.3,0.15,1.3156290807413715,True,True,4.625,True,1,False,0.9829411993252007,9.664318500084334e-07,0.024369715249713226,1.0486793292050671e-11,False,True,False
338,0.2,0.1,0.3,0.5,0.5839170906136963,True,True,2.75,True,1,False,0.9829526548112605,8.548899479678945e-07,0.024353350269627882,7.806925898533148e-12,False,True,False
339,0.2,0.1,0.3,0.9,0.06989098523778985,True,False,1.0,True,1,False,0.9829705211378865,8.026392918779156e-07,0.0243278269458764,6.117418038810007e-12,False,True,False
340,0.2,0.1,0.7,0.005,1.781108877177198,True,True,6.625,True,1,False,0.9968985887632155,4.261147889552555e-08,0.010338037455948447,2.4908030782814582e-14,False,True,True
341,0.2,0.1,0.7,0.03,1.6897260625625088,True,True,4.625,True,1,False,0.9968990986230201,3.5536850338262536e-08,0.010336337923266454,1.7291681670302904e-14,False,True,False
342,0.2,0.1,0.7,0.15,1.305236457602717,True,True,2.625,True,1,False,0.996910400106946,2.980424335975226e-08,0.010298666310180058,1.1706991892221095e-14,False,True,False
343,0.2,0.1,0.7,0.5,0.44434584648346825,True,True,0.75,True,1,False,0.996985308407117,2.5653161976066856e-08,0.010048971976276778,6.396953501380785e-15,False,True,False
344,0.2,0.1,0.7,0.9,-0.3121113822929299,False,False,0.0,False,0,True,0.9970720549169481,2.405728521642512e-08,0.00975981694350647,3.2653691030468555e-15,False,True,False
345,0.2,0.1,0.9,0.005,1.7811063635633435,True,True,5.5,True,1,False,0.9996741876703388,4.3666129315980076e-09,0.0032581232966122373,4.956174706357073e-16,False,True,True
346,0.2,0.1,0.9,0.03,1.6894204815879992,True,True,3.5,True,1,False,0.9996745873670538,3.5941222148110935e-09,0.0032541263294616493,3.3334581323039e-16,False,True,False
347,0.2,0.1,0.9,0.15,1.2806483786839387,True,True,1.5,True,1,False,0.9996827035911569,3.084227961087437e-09,0.0031729640884314856,2.123799839840848e-16,False,True,False
348,0.2,0.1,0.9,0.5,0.04231387560235304,True,True,0.0,False,0,True,0.9997173174247488,3.353322433024424e-09,0.0028268257525121414,1.0854635510540249e-16,False,True,False
349,0.2,0.1,0.9,0.9,-1.4612464165628767,False,False,0.0,False,0,True,0.9997407940518334,3.984267661542404e-09,0.0025920594816664093,7.588357744449857e-17,False,True,False
350,0.2,0.3,0.001,0.005,1.3832165850759057,True,True,22.375,True,1,False,0.7970540604369404,3.618501388498689e-08,0.20314908865171133,2.359677238121555e-14,False,False,True
351,0.2,0.3,0.001,0.03,1.3054949384133159,True,True,19.75,True,1,False,0.7970540618243317,2.8107059908098173e-08,0.20314908726293124,1.423715224462228e-14,False,False,False
352,0.2,0.3,0.001,0.15,1.04722343778808,True,True,17.25,True,1,False,0.797054094168625,2.2075077771834638e-08,0.2031490548862612,8.782000951013914e-15,False,False,False
353,0.2,0.3,0.001,0.5,0.8586660734808884,True,True,15.25,True,1,False,0.7970543709565056,1.809916337407793e-08,0.20314877782131577,5.903293710573946e-15,False,False,False
354,0.2,0.3,0.001,0.9,0.9844473428086202,True,False,14.25,True,1,False,0.7970548599924455,1.64334927523849e-08,0.20314828829585033,4.8662359777925265e-15,False,False,False
355,0.2,0.3,0.05,0.005,1.3831203819749258,True,True,16.0,True,1,False,0.8125940976837338,7.122823757086686e-09,0.19726937085922758,8.597236381308472e-16,False,False,True
356,0.2,0.3,0.05,0.03,1.3021933532722891,True,True,13.5,True,1,False,0.8125941724823171,5.4481439762185224e-09,0.1972692921238767,5.029765519584313e-16,False,False,False
357,0.2,0.3,0.05,0.15,0.9806443639678191,True,True,10.875,True,1,False,0.812595916748265,4.211653447839233e-09,0.19726745605445786,3.0046772431160506e-16,False,False,False
358,0.2,0.3,0.05,0.5,0.41905502408953865,True,True,8.75,True,1,False,0.8126107350871821,3.388306326036134e-09,0.19725185780296625,1.9385934326632907e-16,False,False,False
359,0.2,0.3,0.05,0.9,0.09000689763218964,True,False,7.625,True,1,False,0.8126365259042866,3.030304529341423e-09,0.1972247095744352,1.541819613206701e-16,False,False,False
360,0.2,0.3,0.3,0.005,1.3831041706406368,True,True,10.75,True,1,False,0.8867503751755746,5.65037462183925e-12,0.16178517832060765,4.620694942158251e-22,False,False,True
361,0.2,0.3,0.3,0.03,1.3016214286211831,True,True,8.125,True,1,False,0.8867537222646985,3.971338375569249e-12,0.16178039676471642,2.281619939255715e-22,False,False,False
362,0.2,0.3,0.3,0.15,0.9678029937848498,True,True,5.5,True,1,False,0.8868313897553933,2.753116918226787e-12,0.16166944320658097,1.0859047017394742e-22,False,False,False
363,0.2,0.3,0.3,0.5,0.31725042394702974,True,True,2.75,True,1,False,0.8874654243628372,1.7520659329902225e-12,0.16076367948166123,4.0088458376021115e-23,False,False,False
364,0.2,0.3,0.3,0.9,-0.1406353305516838,False,False,0.0,False,0,True,0.8884805765780599,1.1508448273961374e-12,0.159313462031343,1.2173258526126554e-23,False,False,False
365,0.2,0.3,0.7,0.005,1.3830989269284417,True,True,8.375,True,1,False,0.9747813516077174,2.232847267234777e-13,0.08406216130760867,9.254684637589077e-25,False,True,True
366,0.2,0.3,0.7,0.03,1.3013765479994017,True,True,5.75,True,1,False,0.9748042156852292,2.0471654506916363e-13,0.08398594771590254,7.7586389279342885e-25,False,True,False
367,0.2,0.3,0.7,0.15,0.9574103706461955,True,True,3.125,True,1,False,0.9753130474095162,3.040885539833208e-13,0.08228984196827936,1.6110751510404094e-24,False,True,False
368,0.2,0.3,0.7,0.5,0.17767917981680154,True,True,0.5,True,1,False,0.9783912910616347,3.3460674537018773e-13,0.07202902979455102,1.211303247700761e-24,False,True,False
369,0.2,0.3,0.7,0.9,-0.5226376980824035,False,False,0.0,False,0,True,0.9812773163967787,1.4056106209894803e-13,0.06240894534407088,1.1029302703920341e-25,False,True,False
370,0.2,0.3,0.9,0.005,1.3830964133145873,True,True,6.875,True,1,False,0.9969140206593108,2.7048407515574907e-13,0.030859793406892162,2.645351154486362e-24,False,True,True
371,0.2,0.3,0.9,0.03,1.3010709670248921,True,True,4.25,True,1,False,0.9969376984015427,6.618686340800938e-13,0.030623015984573294,1.5667775980541356e-23,False,True,False
372,0.2,0.3,0.9,0.15,0.932822291727417,True,True,1.625,True,1,False,0.9973645292157972,2.5206022381315815e-13,0.026354707842027876,1.8186223221491564e-24,False,True,False
373,0.2,0.3,0.9,0.5,-0.22435279106431377,False,True,0.0,False,0,True,0.9983951765102372,3.484443323695476e-13,0.016048234897627637,1.1709795097093244e-24,False,True,False
374,0.2,0.3,0.9,0.9,-1.6717727323523501,False,False,0.0,False,0,True,0.998750813704407,2.012564322025483e-13,0.012491862955930081,1.934928016593168e-25,False,True,False
375,0.2,0.7,0.001,0.005,0.5871966845783932,True,True,47.75,True,1,False,0.30990263272883095,0.007432981055902427,0.6907881554265956,0.0030886857471959014,False,False,True
376,0.2,0.7,0.001,0.03,0.5287959092871024,True,True,41.5,True,1,False,0.31001602147761687,0.006803393107670531,0.6906746531755587,0.0025929002212942533,False,False,True
377,0.2,0.7,0.001,0.15,0.35157126387503645,True,True,35.0,True,1,False,0.31011470208094355,0.0062190557110734625,0.6905758737928492,0.0021705931464033844,False,False,True
378,0.2,0.7,0.001,0.5,0.3253327401475551,True,False,28.875,True,1,False,0.31019417143066136,0.005720315348139326,0.690496324894233,0.0018381461526070643,True,False,True
379,0.2,0.7,0.001,0.9,0.5633947112296729,True,False,25.375,True,1,False,0.3102331511913231,0.005470041156852948,0.6904573061147917,0.0016795105909665087,True,False,True
380,0.2,0.7,0.05,0.005,0.5871004814774133,True,True,29.375,True,1,False,0.34840705902529734,0.0034180609260582775,0.6858873062891607,0.0005638119001823732,False,False,True
381,0.2,0.7,0.05,0.03,0.5254943241460758,True,True,23.125,True,1,False,0.3484333640449399,0.0030858354568935055,0.6858596167948001,0.0004598748184933599,False,False,True
382,0.2,0.7,0.05,0.15,0.2849921900547754,True,True,16.25,True,1,False,0.3484663821274136,0.002769053923393456,0.685824860918512,0.00036783602128990687,False,False,True
383,0.2,0.7,0.05,0.5,-0.11427830924379465,False,False,0.0,False,0,True,0.3486128847880322,0.0024333154129205746,0.6856706475915451,0.0001931128955358388,False,False,True
384,0.2,0.7,0.05,0.9,-0.33104573394675774,False,False,0.0,False,0,True,0.3489362303964926,0.002168036452509982,0.6853302837931657,7.602024767531779e-05,True,False,True
385,0.2,0.7,0.3,0.005,0.5870842701431244,True,True,20.625,True,1,False,0.5416058648755442,2.9773592820523317e-05,0.6548487644635084,3.843398535107237e-08,False,False,True
386,0.2,0.7,0.3,0.03,0.5249223994949695,True,True,14.25,True,1,False,0.5416428548761402,2.223470457279655e-05,0.6547959216055141,2.1359697881071016e-08,False,False,True
387,0.2,0.7,0.3,0.15,0.27215081987180617,True,True,6.875,True,1,False,0.5426315636547343,1.2794079177007784e-05,0.6533834804932368,6.431773799838811e-09,False,False,True
388,0.2,0.7,0.3,0.5,-0.21608290938630353,False,False,0.0,False,0,True,0.553080505503453,6.443126630420146e-07,0.6384564207093529,5.617542466522315e-12,False,False,True
389,0.2,0.7,0.3,0.9,-0.5616879621306311,False,False,0.0,False,0,True,0.5709868823101172,4.966465447046315e-09,0.6128758824141184,1.6883154579545903e-16,False,False,True
390,0.2,0.7,0.7,0.005,0.5870790264309292,True,True,16.375,True,1,False,0.825925774487267,4.988938485103203e-11,0.5802474183757765,1.7084142827620148e-19,False,False,True
391,0.2,0.7,0.7,0.03,0.5246775188731885,True,True,10.125,True,1,False,0.8262243405872227,1.9640967098907574e-11,0.5792521980425909,2.6024186174545735e-20,False,False,True
392,0.2,0.7,0.7,0.15,0.26175819673315187,True,True,2.875,True,1,False,0.8333512561987327,2.0228510636699283e-13,0.5554958126708908,1.881547377194715e-24,False,False,True
393,0.2,0.7,0.7,0.5,-0.35565415351653173,False,False,0.0,False,0,True,0.8720755311323997,3.3287217248483337e-13,0.4264148962253344,1.1546088031603685e-24,False,False,False
394,0.2,0.7,0.7,0.9,-0.9436903296613507,False,False,0.0,False,0,True,0.9028539549549064,4.11926233809762e-13,0.32382015015031196,8.960675055026929e-25,False,False,False
395,0.2,0.7,0.9,0.005,0.587076512817075,True,True,13.5,True,1,False,0.9487012028336753,5.858031331020503e-13,0.5129879716632469,5.1439340836220953e-23,False,False,True
396,0.2,0.7,0.9,0.03,0.5243719378986788,True,True,7.125,True,1,False,0.9493140453676078,4.1539300938774994e-13,0.5068595463239224,2.4251238489517613e-23,False,False,True
397,0.2,0.7,0.9,0.15,0.23717011781437347,True,True,1.0,True,1,False,0.9604407562348463,9.930224905266199e-14,0.3955924376515375,5.403872550275114e-25,False,False,False
398,0.2,0.7,0.9,0.5,-0.757686124397647,False,False,0.0,False,0,True,0.987372300134522,3.656752142208603e-13,0.12627699865477962,1.2801450413558029e-24,False,False,False
399,0.2,0.7,0.9,0.9,-2.092825363931298,False,False,0.0,False,0,True,0.993883351318832,1.9183780070779762e-13,0.061166486811680146,1.7523431732492435e-25,False,True,False
400,0.2,1.0,0.001,0.005,-0.00981824079474119,False,False,0.0,False,0,True,0.0010199608040175356,0.0024950324935838625,0.9999800192151976,0.25357261342090465,True,False,True
401,0.2,1.0,0.001,0.03,-0.05372836255755782,False,False,0.0,False,0,True,0.0012108357270629656,0.004197156117824983,0.9997889532261632,0.023393413516480412,True,False,True
402,0.2,1.0,0.001,0.15,-0.17016786655974625,False,False,0.0,False,0,True,0.002346931736411473,0.004226292684562365,0.9986517199835722,0.0018385036519647094,True,False,True
403,0.2,1.0,0.001,0.5,-0.07466725985244493,False,False,0.0,False,0,True,0.0062956609444114655,0.002807148642185669,0.9946990380936822,0.00024044721403845221,True,False,True
404,0.2,1.0,0.001,0.9,0.24760523754546238,True,False,0.25,True,1,False,0.010600387823726073,0.0016634342041165742,0.9903900021784524,5.774269590433698e-05,True,False,True
405,0.2,1.0,0.05,0.005,-0.009914443895721171,False,False,0.0,False,0,True,0.05026582477761009,0.0024307412335946963,0.999720184444621,0.23839406234646984,True,False,True
406,0.2,1.0,0.05,0.03,-0.057029947698584514,False,False,0.0,False,0,True,0.05252210739439618,0.003244188271604902,0.9973451501111619,0.01273712323316048,True,False,True
407,0.2,1.0,0.05,0.15,-0.23674694038000732,False,False,0.0,False,0,True,0.06258442696758021,0.0009687696256990934,0.9867532347709683,6.394393619726298e-05,True,False,True
408,0.2,1.0,0.05,0.5,-0.5142783092437946,False,False,0.0,False,0,True,0.08615152756074287,1.891968805624442e-05,0.961945760462376,4.630010983144721e-09,True,False,True
409,0.2,1.0,0.05,0.9,-0.6468352076309682,False,False,0.0,False,0,True,0.10546896735509355,5.135094580454363e-07,0.9416116133104279,1.9329549384594647e-12,True,False,True
410,0.2,1.0,0.3,0.005,-0.009930655230010032,False,False,0.0,False,0,True,0.3008341231477576,0.0022109782284472704,0.9988083955032035,0.1969900742036772,True,False,True
411,0.2,1.0,0.3,0.03,-0.057601872349690705,False,False,0.0,False,0,True,0.3067420071843053,0.0013503228243159555,0.9903685611652783,0.0021754962986971268,True,False,True
412,0.2,1.0,0.3,0.15,-0.24958831056297653,False,False,0.0,False,0,True,0.3315066510686783,4.939444091910975e-06,0.9549904984733166,1.5327764269303486e-09,True,False,True
413,0.2,1.0,0.3,0.5,-0.6160829093863036,False,False,0.0,False,0,True,0.3863795322649559,2.4158435021664583e-12,0.8766006681929202,6.217875318511408e-23,True,False,True
414,0.2,1.0,0.3,0.9,-0.8774774358148418,False,False,0.0,False,0,True,0.4280457298020814,6.212135766290328e-13,0.8170775288541694,2.1798001081950063e-24,True,False,True
415,0.2,1.0,0.7,0.005,-0.009935898942205161,False,False,0.0,False,0,True,0.7012419005480031,0.001571487756339177,0.9958603315066563,0.09957670692070265,True,False,True
416,0.2,1.0,0.7,0.03,-0.05784675297147179,False,False,0.0,False,0,True,0.7081925015067221,7.89485218683804e-05,0.9726916616442596,7.403179956014331e-06,True,False,True
417,0.2,1.0,0.7,0.15,-0.25998093370163083,False,False,0.0,False,0,True,0.7380910909420002,1.036212037618656e-12,0.8730296968599992,6.538102292041201e-23,True,False,True
418,0.2,1.0,0.7,0.5,-0.7556541535165318,False,False,0.0,False,0,True,0.8023307644319708,3.2061910493372794e-13,0.6588974518934305,1.0132693534614681e-24,False,False,True
419,0.2,1.0,0.7,0.9,-1.2594798033455616,False,False,0.0,False,0,True,0.8460308863147216,3.04154717584299e-13,0.513230378950928,4.678106261729689e-25,False,False,True
420,0.2,1.0,0.9,0.005,-0.009938412556059487,False,False,0.0,False,0,True,0.9010377781674231,0.0006419349051763478,0.9896222183257688,0.016639662582580782,True,False,True
421,0.2,1.0,0.9,0.03,-0.05815233394598145,False,False,0.0,False,0,True,0.9062277732448663,1.1878920079214823e-07,0.9377222675513377,1.6710225980684542e-11,True,False,True
422,0.2,1.0,0.9,0.15,-0.2845690126204091,False,False,0.0,False,0,True,0.9289145700631731,5.541124095894615e-13,0.7108542993682688,1.843165894947088e-23,False,False,True
423,0.2,1.0,0.9,0.5,-1.157686124397647,False,False,0.0,False,0,True,0.9711220239820795,3.5704049748427006e-13,0.2887797601792053,1.2069751540392556e-24,False,False,False
424,0.2,1.0,0.9,0.9,-2.4086148376155085,False,False,0.0,False,0,True,0.9867598079665584,6.37154641185548e-13,0.13240192033441625,1.9237908132712438e-24,False,False,False
425,0.2,1.5,0.001,0.005,-1.0048431164166316,False,False,0.0,False,0,True,0.0010001973735208414,3.5928431337125093e-13,0.9999998024289081,5.2158580877201365e-21,True,False,True
426,0.2,1.5,0.001,0.03,-1.0246021489653248,False,False,0.0,False,0,True,0.0010066724660907,3.9849202562203327e-13,0.9999933208547641,1.8801680573811714e-22,True,False,True
427,0.2,1.5,0.001,0.15,-1.0397330839510506,False,False,0.0,False,0,True,0.0011306118335480536,2.163692995127252e-13,0.9998692574238759,2.9863918510237807e-24,True,False,True
428,0.2,1.5,0.001,0.5,-0.7413339265191116,False,False,0.0,False,0,True,0.001921968581908362,1.2626898122251073e-13,0.9990771085266182,2.218196683990384e-25,True,False,True
429,0.2,1.5,0.001,0.9,-0.2787105519282218,False,False,0.0,False,0,True,0.0030971613016705537,1.2542003290269536e-13,0.9979007394377671,1.489584758414905e-25,True,False,True
430,0.2,1.5,0.05,0.005,-1.0049393195176117,False,False,0.0,False,0,True,0.05000267863543618,3.592795360989263e-13,0.9999971803837514,5.215219452156824e-21,True,False,True
431,0.2,1.5,0.05,0.03,-1.0279037341063515,False,False,0.0,False,0,True,0.050090405303201475,3.9636853131021123e-13,0.9999048365229458,1.8541860208552234e-22,True,False,True
432,0.2,1.5,0.05,0.15,-1.1063121577713118,False,False,0.0,False,0,True,0.051717456186441246,1.4587594087451083e-13,0.9981921513826935,1.2792593608006941e-24,True,False,True
433,0.2,1.5,0.05,0.5,-1.1809449759104615,False,False,0.0,False,0,True,0.06049285472863391,5.378807164801118e-13,0.9889548897593329,2.956449800260509e-24,True,False,True
434,0.2,1.5,0.05,0.9,-1.1731509971046523,False,False,0.0,False,0,True,0.07074125651747626,3.5603438750480916e-13,0.9781670984026566,7.1199113397963795e-25,True,False,True
435,0.2,1.5,0.3,0.005,-1.0049555308519007,False,False,0.0,False,0,True,0.30000884450196,3.5926154809485534e-13,0.9999873649972001,5.2146134982485665e-21,True,False,True
436,0.2,1.5,0.3,0.03,-1.0284756587574575,False,False,0.0,False,0,True,0.3002983351050315,3.8867730479047805e-13,0.9995738069928123,1.7819605486734508e-22,True,False,True
437,0.2,1.5,0.3,0.15,-1.1191535279542808,False,False,0.0,False,0,True,0.305611486165291,1.1120614705151025e-13,0.9919835911924415,7.359297552690674e-25,True,False,True
438,0.2,1.5,0.3,0.5,-1.2827495760529701,False,False,0.0,False,0,True,0.3327587154131152,1.190834982610709e-13,0.9532018351241213,1.3675749404008826e-25,True,False,True
439,0.2,1.5,0.3,0.9,-1.403793225288526,False,False,0.0,False,0,True,0.36192463578807316,4.0684390069017967e-13,0.9115362345884669,8.360053620718685e-25,True,False,True
440,0.2,1.5,0.7,0.005,-1.0049607745640958,False,False,0.0,False,0,True,0.7000155586977265,3.5918840177173413e-13,0.999948137674245,5.2124650940575085e-21,True,False,True
441,0.2,1.5,0.7,0.03,-1.028720539379239,False,False,0.0,False,0,True,0.7005241202159712,3.6131809360421207e-13,0.9982529326134292,1.5396714702201838e-22,True,False,True
442,0.2,1.5,0.7,0.15,-1.1295461510929352,False,False,0.0,False,0,True,0.7096520387564923,1.698050764830009e-13,0.9678265374783589,1.7103281559386838e-24,True,False,True
443,0.2,1.5,0.7,0.5,-1.4223208201831985,False,False,0.0,False,0,True,0.7520220411710153,4.863488375734669e-13,0.8265931960966154,2.233023500130832e-24,False,False,True
444,0.2,1.5,0.7,0.9,-1.7857955928192457,False,False,0.0,False,0,True,0.7916496342410198,6.107494089334904e-13,0.6945012191966007,1.804561180649623e-24,False,False,True
445,0.2,1.5,0.9,0.005,-1.0049632881779502,False,False,0.0,False,0,True,0.9000183941156442,3.589272373352491e-13,0.9998160588435581,5.204881718198293e-21,True,False,True
446,0.2,1.5,0.9,0.03,-1.0290261203537485,False,False,0.0,False,0,True,0.9006170615871664,2.799835360405814e-13,0.9938293841283365,9.244754202118687e-23,True,False,True
447,0.2,1.5,0.9,0.15,-1.1541342300117134,False,False,0.0,False,0,True,0.9107112326516961,2.1868096945987458e-13,0.8928876734830395,2.8330914895838805e-24,True,False,True
448,0.2,1.5,0.9,0.5,-1.8243527910643138,False,False,0.0,False,0,True,0.9483511567695282,7.059145822818945e-13,0.5164884323047182,4.644061139867454e-24,False,False,True
449,0.2,1.5,0.9,0.9,-2.9349306270891926,False,False,0.0,False,0,True,0.9718904407119229,7.109074985819662e-13,0.2810955928807713,2.370818135554682e-24,False,False,False
450,1.0,0.02,0.001,0.005,1.9409585472700754,True,True,7.875,True,1,False,0.9986307834596242,0.03364672261552562,0.0013705871275033095,2.529575280281559e-05,False,False,True
451,1.0,0.02,0.001,0.03,1.8672805173092986,True,True,6.0,True,1,False,0.99864349906225,0.03250318335748178,0.001357858796546518,2.4767310814480106e-05,False,False,False
452,1.0,0.02,0.001,0.15,1.8969867541577907,True,True,4.25,True,1,False,0.9986552748174097,0.03149198667306916,0.001346071253844167,2.4190056924127786e-05,False,False,False
453,1.0,0.02,0.001,0.5,3.5999970340711083,True,True,2.875,True,1,False,0.9986649609294967,0.03090939361993828,0.0013363754459492015,2.3039722437370337e-05,False,False,False
454,1.0,0.02,0.001,0.9,6.059078819306258,True,True,2.25,True,1,False,0.9986700235230953,0.030875351325709816,0.0013313077846893824,2.1728820845247204e-05,False,False,False
455,1.0,0.02,0.05,0.005,1.9404775317651752,True,True,7.0,True,1,False,0.9987674128076275,0.03130033963267331,0.0012974602024973833,2.470077676089343e-05,False,False,True
456,1.0,0.02,0.05,0.03,1.8507725916041649,True,True,5.125,True,1,False,0.9987788040605616,0.030234700816393505,0.001285469409935125,2.419095632253982e-05,False,False,False
457,1.0,0.02,0.05,0.15,1.5640913850564853,True,True,3.375,True,1,False,0.9987895247128752,0.029337351527120345,0.0012741845127629606,2.3450481136471675e-05,False,False,False
458,1.0,0.02,0.05,0.5,1.4019417871143596,True,True,2.0,True,1,False,0.998799169374608,0.029146949496822058,0.001264032237254739,2.1160773542547386e-05,False,False,False
459,1.0,0.02,0.05,0.9,1.5868765934241063,True,True,1.375,True,1,False,0.9988047183528709,0.029603394127703537,0.0012581912075043376,1.855511685731704e-05,False,False,False
460,1.0,0.02,0.3,0.005,1.9403964750937308,True,True,5.875,True,1,False,0.9993375434327033,0.023411845515129065,0.0009463665247095537,1.5777504150241338e-05,False,False,True
461,1.0,0.02,0.3,0.03,1.847912968348634,True,True,4.125,True,1,False,0.9993436420809456,0.022610652087982592,0.0009376541700776922,1.5437910773081398e-05,False,False,False
462,1.0,0.02,0.3,0.15,1.4998845341416394,True,True,2.25,True,1,False,0.999349760685608,0.022148336581236175,0.0009289133062742991,1.4479158371580439e-05,False,False,False
463,1.0,0.02,0.3,0.5,0.8929187864018153,True,True,0.875,True,1,False,0.9993567363872166,0.02346506621605806,0.0009189480182620574,1.0634643509525648e-05,False,False,False
464,1.0,0.02,0.3,0.9,0.43366545250473876,True,True,0.25,True,1,False,0.9993610532611052,0.025532034957582037,0.0009127810555639319,7.304393685301142e-06,False,False,False
465,1.0,0.02,0.7,0.005,1.9403702565327552,True,True,4.875,True,1,False,0.9998798725305843,0.010768738690280277,0.00040042489805232795,4.936263394076489e-06,False,False,True
466,1.0,0.02,0.7,0.03,1.8466885652397287,True,True,3.0,True,1,False,0.999880990555293,0.010421355877525663,0.0003966981490233223,4.795478973249267e-06,False,False,False
467,1.0,0.02,0.7,0.15,1.447921418448368,True,True,1.25,True,1,False,0.9998823844234618,0.010861516546913445,0.00039205192179407133,3.947240440909481e-06,False,False,False
468,1.0,0.02,0.7,0.5,0.1950625657506742,True,True,0.0,False,0,True,0.9998843426737781,0.015172925468875139,0.0003855244207395802,1.61356616809515e-06,False,False,False
469,1.0,0.02,0.7,0.9,-1.4763463851488599,False,True,0.0,False,0,True,0.9998852528161394,0.020162094396114463,0.00038249061286873176,7.964802937666518e-07,False,False,False
470,1.0,0.02,0.9,0.005,1.9403576884634839,True,True,4.125,True,1,False,0.9999868204959275,0.00442660346481341,0.00013179504072535766,1.2672044863984042e-06,False,True,True
471,1.0,0.02,0.9,0.03,1.8451606603671802,True,True,2.25,True,1,False,0.9999869486512125,0.004329492324990949,0.00013051348787485043,1.2042818597168973e-06,False,True,False
472,1.0,0.02,0.9,0.15,1.324981023854476,True,True,0.5,True,1,False,0.9999871500847417,0.005404998017616275,0.00012849915258295044,6.941820928258698e-07,False,True,False
473,1.0,0.02,0.9,0.5,-1.815097288654901,False,True,0.0,False,0,True,0.9999873508391779,0.011179247727973893,0.00012649160822109098,1.510408750590973e-07,False,False,False
474,1.0,0.02,0.9,0.9,-7.222021556498593,False,True,0.0,False,0,True,0.9999874094680704,0.017715656824268556,0.0001259053192959048,7.47240586350886e-08,False,False,False
475,1.0,0.1,0.001,0.005,1.7817545671705728,True,True,8.5,True,1,False,0.9937708347816333,2.1469401983372417e-08,0.00623540061898568,7.30491178005892e-15,False,True,True
476,1.0,0.1,0.001,0.03,1.711940711484056,True,True,6.5,True,1,False,0.9937710374162522,1.7764968481230867e-08,0.006235197781529362,5.0006203524028004e-15,False,True,False
477,1.0,0.1,0.001,0.15,1.757856319375182,True,True,4.625,True,1,False,0.9937756344401079,1.4868865983190233e-08,0.0062305961560481906,3.487928560093313e-15,False,True,False
478,1.0,0.1,0.001,0.5,3.493330367404442,True,True,3.0,True,1,False,0.9938112998104383,1.2961206055474485e-08,0.006194895084646393,2.5499950223818757e-15,False,True,False
479,1.0,0.1,0.001,0.9,5.974868292990469,True,False,2.375,True,1,False,0.9938653972545,1.22306956447761e-08,0.006140743488989029,2.139247238598266e-15,False,True,False
480,1.0,0.1,0.05,0.005,1.7812735516656728,True,True,7.625,True,1,False,0.9943073002290175,1.7552286180347435e-08,0.005992315548402656,5.354033370859588e-15,False,True,True
481,1.0,0.1,0.05,0.03,1.6954327857789222,True,True,5.625,True,1,False,0.9943078316402493,1.4515959364943662e-08,0.00599175616815866,3.661574617693455e-15,False,True,False
482,1.0,0.1,0.05,0.15,1.4249609502738767,True,True,3.625,True,1,False,0.9943197709706764,1.2146488455942488e-08,0.005979188451919617,2.528247319965523e-15,False,True,False
483,1.0,0.1,0.05,0.5,1.2952751204476929,True,True,2.125,True,1,False,0.9944060280127881,1.0669253481333694e-08,0.00588839156548621,1.765707365230715e-15,False,True,False
484,1.0,0.1,0.05,0.9,1.502666067108317,True,False,1.375,True,1,False,0.9945205443211563,1.0228437306710376e-08,0.005767848082993337,1.4057390222828132e-15,False,True,False
485,1.0,0.1,0.3,0.005,1.7811924949942286,True,True,6.375,True,1,False,0.9969022441553466,8.768223253245918e-09,0.0044253654923620545,1.6111119662577187e-15,False,True,True
486,1.0,0.1,0.3,0.03,1.6925731625233913,True,True,4.375,True,1,False,0.9969034590281116,7.2294085147916744e-09,0.004423629959840549,1.0922975751678669e-15,False,True,False
487,1.0,0.1,0.3,0.15,1.3607540993590308,True,True,2.375,True,1,False,0.9969298836256782,6.072916654684363e-09,0.00438588053474536,7.340536619086944e-16,False,True,False
488,1.0,0.1,0.3,0.5,0.7862521197351486,True,True,0.875,True,1,False,0.9970855865552316,5.679877835254155e-09,0.004163447778240562,4.609921676684936e-16,False,True,False
489,1.0,0.1,0.3,0.9,0.34945492618894936,True,False,0.25,True,1,False,0.9972369327330327,5.917042484379816e-09,0.0039472389528104135,3.346014720946349e-16,False,True,False
490,1.0,0.1,0.7,0.005,1.7811662764332528,True,True,5.25,True,1,False,0.9994463069979836,2.3156224533033973e-09,0.0018456433400545107,1.9687119391505617e-16,False,True,True
491,1.0,0.1,0.7,0.03,1.691348759414486,True,True,3.25,True,1,False,0.99944736641965,1.9038424855864567e-09,0.0018421119344998642,1.3177514441749274e-16,False,True,False
492,1.0,0.1,0.7,0.15,1.3087909836657592,True,True,1.25,True,1,False,0.9994677463414399,1.6961918555273394e-09,0.001774178861867111,8.550453149756821e-17,False,True,False
493,1.0,0.1,0.7,0.5,0.08839589908400763,True,True,0.0,False,0,True,0.9995395232857428,2.1798543765118142e-09,0.0015349223808573211,5.42289081729846e-17,False,True,False
494,1.0,0.1,0.7,0.9,-1.5605569114646496,False,False,0.0,False,0,True,0.9995813432292341,2.8865768373487986e-09,0.001395522569219709,4.709050692391472e-17,False,True,False
495,1.0,0.1,0.9,0.005,1.7811537083639812,True,True,4.375,True,1,False,0.9999437311991405,7.296700630454528e-10,0.0005626880085951581,4.596613222628937e-17,False,True,True
496,1.0,0.1,0.9,0.03,1.6898208545419375,True,True,2.375,True,1,False,0.9999440907995865,6.048928397353295e-10,0.0005590920041353976,3.045263051815513e-17,False,True,False
497,1.0,0.1,0.9,0.15,1.1858505890718671,True,True,0.5,True,1,False,0.9999492031232313,6.61142885574807e-10,0.0005079687676867729,2.0172923275020683e-17,False,True,False
498,1.0,0.1,0.9,0.5,-1.921763955321568,False,True,0.0,False,0,True,0.9999585210727072,1.3315755339413186e-09,0.0004147892729278181,1.7118445282914426e-17,False,True,False
499,1.0,0.1,0.9,0.9,-7.3062320828143825,False,False,0.0,False,0,True,0.9999624249861025,2.123494804264929e-09,0.0003757501389745067,2.15582644084952e-17,False,True,False
500,1.0,0.3,0.001,0.005,1.3837446169218166,True,True,10.875,True,1,False,0.9530891420000903,2.517857249335471e-13,0.04695781581572541,1.3143689817797115e-24,False,True,True
501,1.0,0.3,0.001,0.03,1.3235911969209488,True,True,8.25,True,1,False,0.9530975823188065,1.9636710991963007e-13,0.046949367048241764,7.989990203956415e-25,False,True,False
502,1.0,0.3,0.001,0.15,1.4100302324186604,True,True,5.75,True,1,False,0.9532926361358224,2.1669714859420185e-13,0.04675411798215978,9.658232149916072e-25,False,True,False
503,1.0,0.3,0.001,0.5,3.226663700737775,True,True,3.625,True,1,False,0.9548230476691572,4.0121174409233863e-13,0.04522217450534819,3.116563522827577e-24,False,True,False
504,1.0,0.3,0.001,0.9,5.764341977200995,True,False,2.625,True,1,False,0.9570482554058182,9.332014090257573e-13,0.042994739333515344,1.5347755944706404e-23,False,True,False
505,1.0,0.3,0.05,0.005,1.3832636014169166,True,True,9.625,True,1,False,0.9550875613011401,7.418249939929112e-13,0.047276251261957745,1.2681728170459466e-23,False,True,True
506,1.0,0.3,0.05,0.03,1.3070832712158154,True,True,7.0,True,1,False,0.9551114761394134,1.436196074587761e-13,0.04725107774798591,4.7495028297755945e-25,False,True,False
507,1.0,0.3,0.05,0.15,1.077134863317355,True,True,4.5,True,1,False,0.9556544036757397,4.624109292453235e-13,0.04667957507816871,4.8210837279603605e-24,False,True,False
508,1.0,0.3,0.05,0.5,1.0286084537810263,True,True,2.375,True,1,False,0.9593794624600254,1.7675201836097488e-13,0.04275846056839435,6.025542290441325e-25,False,True,False
509,1.0,0.3,0.05,0.9,1.2921397513188433,True,False,1.375,True,1,False,0.9635995889104384,2.0538311533052265e-13,0.03831622219953853,6.584124406583208e-25,False,True,False
510,1.0,0.3,0.3,0.005,1.3831825447454724,True,True,8.125,True,1,False,0.9737788396001579,1.6441544405875396e-13,0.03745880057120304,7.690012512058408e-25,False,True,True
511,1.0,0.3,0.3,0.03,1.3042236479602842,True,True,5.5,True,1,False,0.9738388945484767,7.990456409753143e-13,0.037373007787890405,1.8098056781592942e-23,False,True,False
512,1.0,0.3,0.3,0.15,1.012928012402509,True,True,2.875,True,1,False,0.975110887447045,3.03961368176407e-13,0.03555587507565001,2.4225269169894027e-24,False,True,False
513,1.0,0.3,0.3,0.5,0.519585453068482,True,True,0.75,True,1,False,0.9808863601557911,5.012596574911139e-13,0.027305199777441266,4.077703978437883e-24,False,True,False
514,1.0,0.3,0.3,0.9,0.13892861039947568,True,False,0.125,True,1,False,0.9845274235288051,2.2064033233627398e-13,0.022103680673135617,4.759272372606052e-25,False,True,False
515,1.0,0.3,0.7,0.005,1.3831563261844966,True,True,6.625,True,1,False,0.9950441388180225,4.14248026638643e-13,0.016519537273258496,8.808137389056512e-24,False,True,True
516,1.0,0.3,0.7,0.03,1.302999244851379,True,True,4.0,True,1,False,0.9951078498430479,1.4592975831657144e-13,0.01630716718984034,1.0764898846916642e-24,False,True,False
517,1.0,0.3,0.7,0.15,0.9609648967092377,True,True,1.375,True,1,False,0.9960904872124341,6.907463255028385e-13,0.013031709291886349,1.7829612259412268e-23,False,True,False
518,1.0,0.3,0.7,0.5,-0.17827076758265908,False,True,0.0,False,0,True,0.9977019043429799,4.231949142234396e-13,0.007660318856733682,2.0413864603136783e-24,False,True,False
519,1.0,0.3,0.7,0.9,-1.7710832272541235,False,False,0.0,False,0,True,0.9981594033183672,5.444131974022984e-13,0.006135322272109444,1.6734550334573024e-24,False,True,False
520,1.0,0.3,0.9,0.005,1.3831437581152253,True,True,5.5,True,1,False,0.999559044883128,2.444438672358656e-13,0.004409551168720328,7.376993644290682e-24,False,True,True
521,1.0,0.3,0.9,0.03,1.3014713399788307,True,True,2.875,True,1,False,0.9995792018629562,2.4969043122375253e-13,0.004207981370437653,7.282772583759889e-24,False,True,False
522,1.0,0.3,0.9,0.15,0.8380245021153457,True,True,0.5,True,1,False,0.9997320799417289,1.58254851322357e-13,0.002679200582711428,1.3064741387211425e-24,False,True,False
523,1.0,0.3,0.9,0.5,-2.1884306219882346,False,True,0.0,False,0,True,0.999830684463638,3.3468610489764364e-13,0.0016931553636201362,1.081368815817356e-24,False,True,False
524,1.0,0.3,0.9,0.9,-7.516758398603855,False,False,0.0,False,0,True,0.999855435834494,4.308925742637229e-13,0.001445641655060115,8.876123523670727e-25,False,True,False
525,1.0,0.7,0.001,0.005,0.5877247164243041,True,True,23.75,True,1,False,0.44621879814325255,1.6258657397510846e-12,0.5543355373941415,1.5936944102359443e-22,False,False,True
526,1.0,0.7,0.001,0.03,0.5468921677947355,True,True,17.5,True,1,False,0.4463442113992843,7.399299032640072e-13,0.554209998599315,3.296648801733515e-23,False,False,True
527,1.0,0.7,0.001,0.15,0.7143780585056169,True,True,11.0,True,1,False,0.44966855257227023,2.1303816429747298e-13,0.5508823297574873,2.6435025200704287e-24,False,False,True
528,1.0,0.7,0.001,0.5,2.693330367404442,True,False,5.0,True,1,False,0.48357063920870264,6.975337213373624e-14,0.5169463070983957,2.1133701901991118e-25,False,False,True
529,1.0,0.7,0.001,0.9,5.343289345622048,True,False,2.75,True,1,False,0.5407838669128787,2.180964273792924e-13,0.4596758088960173,1.4256458222235533e-24,False,False,False
530,1.0,0.7,0.05,0.005,0.5872437009194043,True,True,20.125,True,1,False,0.46893885459034595,2.1192557614214667e-12,0.5590117320101622,3.148118841722818e-22,False,False,True
531,1.0,0.7,0.05,0.03,0.5303842420896019,True,True,13.875,True,1,False,0.469356647293341,8.618587825870472e-13,0.5585719502175358,5.1814720132630044e-23,False,False,True
532,1.0,0.7,0.05,0.15,0.38148268940431146,True,True,7.0,True,1,False,0.4801166761885721,1.4056785130447856e-13,0.5472456040120294,1.2231749671278835e-24,False,False,True
533,1.0,0.7,0.05,0.5,0.49527512044769306,True,False,1.875,True,1,False,0.5656292088574564,4.183029755144162e-13,0.4572324117289933,5.457845794106309e-24,False,False,False
534,1.0,0.7,0.05,0.9,0.8710871197398958,True,False,0.875,True,1,False,0.6639470201134751,9.149772436447435e-13,0.353739978827921,1.5732748328865075e-23,False,False,False
535,1.0,0.7,0.3,0.005,0.5871626442479598,True,True,16.125,True,1,False,0.6255368681880729,6.709333452241178e-14,0.5349473311598959,4.323393843522289e-25,False,False,True
536,1.0,0.7,0.3,0.03,0.527524618834071,True,True,9.75,True,1,False,0.6269266182294934,4.845689888894864e-14,0.5329619739578667,2.2083011347309045e-25,False,False,True
537,1.0,0.7,0.3,0.15,0.31727583848946544,True,True,3.0,True,1,False,0.6586305533554715,4.638037489838396e-13,0.48767063806361216,1.3284566392343216e-23,False,False,False
538,1.0,0.7,0.3,0.5,-0.013747880264851298,False,False,0.0,False,0,True,0.8041517438906188,6.646293613087017e-13,0.2797832230134017,7.671484137552519e-24,False,False,False
539,1.0,0.7,0.3,0.9,-0.28212402117947166,False,False,0.0,False,0,True,0.8894421807071834,2.4014641345527354e-13,0.15793974184688087,5.304429773014041e-25,False,False,False
540,1.0,0.7,0.7,0.005,0.5871364256869843,True,True,12.875,True,1,False,0.8534860974590485,2.3004294053585925e-13,0.48837967513650504,1.0933525832905551e-23,False,False,True
541,1.0,0.7,0.7,0.03,0.5263002157251656,True,True,6.375,True,1,False,0.8565450670086737,1.282355980502907e-13,0.47818310997108754,3.1047739270711027e-24,False,False,False
542,1.0,0.7,0.7,0.15,0.2653127227961941,True,True,0.75,True,1,False,0.906226934263701,2.305319697574843e-13,0.31257688578766313,3.3446084181353596e-24,False,False,False
543,1.0,0.7,0.7,0.5,-0.7116041009159924,False,False,0.0,False,0,True,0.9847294592447522,7.194457977278983e-13,0.050901802517492684,5.848591160556259e-24,False,True,False
544,1.0,0.7,0.7,0.9,-2.192135858833071,False,False,0.0,False,0,True,0.9923814070423777,1.8099058718836208e-13,0.025395309858741163,1.8424167797565022e-25,False,True,False
545,1.0,0.7,0.9,0.005,0.5871238576177126,True,True,10.25,True,1,False,0.9547847229767322,4.48052337638542e-13,0.45215277023267786,1.1042620560857312e-22,False,False,True
546,1.0,0.7,0.9,0.03,0.5247723108526172,True,True,3.75,True,1,False,0.9587848661752829,1.3694028861946264e-12,0.412151338247171,7.6748689753883285e-22,False,False,False
547,1.0,0.7,0.9,0.15,0.14237232820230208,True,True,0.125,True,1,False,0.9938583612363001,9.031423125826723e-14,0.06141638763699887,5.080754900731751e-25,False,True,False
548,1.0,0.7,0.9,0.5,-2.7217639553215682,False,False,0.0,False,0,True,0.9993988167536827,1.6894041274253136e-13,0.006011832463173052,2.7544855104111603e-25,False,True,False
549,1.0,0.7,0.9,0.9,-7.937811030182802,False,False,0.0,False,0,True,0.9995517293457206,2.2632752496090753e-13,0.004482706542794369,2.4483421439137054e-25,False,True,False
550,1.0,1.0,0.001,0.005,-0.009290208948830283,False,False,0.0,False,0,True,0.0011019973309843872,0.002474808572634796,0.9998979005695852,0.2626930272065489,True,False,True
551,1.0,1.0,0.001,0.03,-0.03563210404992483,False,False,0.0,False,0,True,0.0022945290325176513,0.0037682288752303003,0.9987041751426249,0.028899992910793166,True,False,True
552,1.0,1.0,0.001,0.15,0.19263892807083416,True,False,2.0,True,1,False,0.01478484171230227,0.0009180858408977188,0.986201359647345,0.00025684675926579913,True,False,True
553,1.0,1.0,0.001,0.5,2.293330367404442,True,False,1.75,True,1,False,0.08430361737107735,5.088505924214061e-09,0.9166129956245471,1.6585690735174444e-15,True,False,True
554,1.0,1.0,0.001,0.9,5.027499871937837,True,False,1.375,True,1,False,0.17286753440495595,5.5349807446686e-13,0.8279604260210651,1.0021295202130385e-23,True,False,True
555,1.0,1.0,0.05,0.005,-0.009771224453730196,False,False,0.0,False,0,True,0.051263059507541266,0.0021790628505072964,0.9986704636762723,0.19420547769402674,True,False,True
556,1.0,1.0,0.05,0.03,-0.052140029755058284,False,False,0.0,False,0,True,0.06047389277878723,0.0011142448611716235,0.9889748497065398,0.0016576026837072432,True,False,True
557,1.0,1.0,0.05,0.15,-0.14025644103047125,False,False,0.0,False,0,True,0.1069800137965342,3.253872885288821e-07,0.9400210381089114,1.0333222746241974e-11,True,False,True
558,1.0,1.0,0.05,0.5,0.09527512044769304,True,False,0.125,True,1,False,0.25025841044196984,1.4247451642805523e-13,0.7892016732189792,5.30890571147259e-25,False,False,True
559,1.0,1.0,0.05,0.9,0.5552976460556853,True,False,0.375,True,1,False,0.38627420316728617,2.9342737168562965e-13,0.6460271545607514,1.3858807973757827e-24,False,False,True
560,1.0,1.0,0.3,0.005,-0.0098522811251745,False,False,0.0,False,0,True,0.3033997723385993,0.001434824993813206,0.9951431823734297,0.08356053108317331,True,False,True
561,1.0,1.0,0.3,0.03,-0.05499965301058924,False,False,0.0,False,0,True,0.3222148260294668,3.61267941120065e-05,0.9682645342436189,1.6133969222217803e-06,True,False,True
562,1.0,1.0,0.3,0.15,-0.2044632919453172,False,False,0.0,False,0,True,0.4090384211363338,4.819780632325487e-14,0.8442308269480946,1.6789184669786352e-25,False,False,True
563,1.0,1.0,0.3,0.5,-0.4137478802648513,False,False,0.0,False,0,True,0.6190631406349886,1.4913353981793548e-13,0.5441955133785877,3.244409193912157e-25,False,False,True
564,1.0,1.0,0.3,0.9,-0.5979134948636823,False,False,0.0,False,0,True,0.762075501245244,4.386468692366946e-13,0.33989214107822285,1.5965042591913663e-24,False,False,False
565,1.0,1.0,0.7,0.005,-0.00987849968615015,False,False,0.0,False,0,True,0.7038720246222206,0.000423487921023465,0.9870932512592644,0.007266055538745308,True,False,True
566,1.0,1.0,0.7,0.03,-0.05622405611949466,False,False,0.0,False,0,True,0.7231828525436449,6.581291657187914e-09,0.9227238248545169,5.217802005511541e-14,True,False,True
567,1.0,1.0,0.7,0.15,-0.2564264076385886,False,False,0.0,False,0,True,0.8097419249372901,1.8047734608088686e-13,0.6341935835423661,2.109717369701206e-24,False,False,True
568,1.0,1.0,0.7,0.5,-1.1116041009159925,False,False,0.0,False,0,True,0.9556953723551698,4.972554787396726e-13,0.1476820921494341,2.7387304590479783e-24,False,False,False
569,1.0,1.0,0.7,0.9,-2.507925332517281,False,False,0.0,False,0,True,0.983727330868883,1.941196947768253e-13,0.05424223043705674,2.1070710537383736e-25,False,True,False
570,1.0,1.0,0.9,0.005,-0.009891067755421782,False,False,0.0,False,0,True,0.9026971185808063,3.267894628941166e-05,0.9730288141919377,4.322802536017535e-05,True,False,True
571,1.0,1.0,0.9,0.03,-0.057751960992043,False,False,0.0,False,0,True,0.9160259905007077,1.4332872079523264e-13,0.8397400949929237,2.4502397479503022e-23,False,False,True
572,1.0,1.0,0.9,0.15,-0.37936680223248054,False,False,0.0,False,0,True,0.9719373872698273,4.517908558475609e-13,0.2806261273017275,1.2628503486747384e-23,False,False,False
573,1.0,1.0,0.9,0.5,-3.121763955321568,False,False,0.0,False,0,True,0.998832555500433,5.028118240311101e-13,0.01167444499566961,2.439047508398203e-24,False,True,False
574,1.0,1.0,0.9,0.9,-8.253600503867014,False,False,0.0,False,0,True,0.9992422467230331,2.320473657066152e-13,0.007577532769669217,2.5731256052687293e-25,False,True,False
575,1.0,1.5,0.001,0.005,-1.0043150845707207,False,False,0.0,False,0,True,0.0010009871265365133,3.592826793684555e-13,0.9999990118853488,5.2185558767206206e-21,True,False,True
576,1.0,1.5,0.001,0.03,-1.0065058904576918,False,False,0.0,False,0,True,0.0010336582523911414,3.9759408176207595e-13,0.9999663080556646,1.9050062869989598e-22,True,False,True
577,1.0,1.5,0.001,0.15,-0.6769262893204704,False,False,0.0,False,0,True,0.001766004210967665,1.0778857845087285e-12,0.9992332290180505,9.977455691829562e-23,True,False,True
578,1.0,1.5,0.001,0.5,1.626663700737775,True,False,0.375,True,1,False,0.010801056625275439,7.260550253441725e-13,0.9901891325072318,1.8228234045134393e-23,True,False,True
579,1.0,1.5,0.001,0.9,4.501184082464153,True,False,0.5,True,1,False,0.034479307691622545,7.045843692717443e-13,0.9664871794878653,1.110489492123262e-23,True,False,True
580,1.0,1.5,0.05,0.005,-1.0047961000756207,False,False,0.0,False,0,True,0.05001339398357412,3.592586532990387e-13,0.999985901069922,5.215358161993217e-21,True,False,True
581,1.0,1.5,0.05,0.03,-1.0230138161628253,False,False,0.0,False,0,True,0.050452948326301254,3.8736094128991913e-13,0.999523212288104,1.7794042579158992e-22,True,False,True
582,1.0,1.5,0.05,0.15,-1.0098216584217756,False,False,0.0,False,0,True,0.05891915756747406,2.58258923946293e-13,0.9906114130868695,4.373691901005942e-24,True,False,True
583,1.0,1.5,0.05,0.5,-0.5713915462189736,False,False,0.0,False,0,True,0.1138988932036294,2.251536891014147e-13,0.9327380071540743,7.898906568954864e-25,True,False,True
584,1.0,1.5,0.05,0.9,0.028981856582001253,True,False,0.0,False,0,True,0.19318139710232032,8.221121856809639e-13,0.8492827398922944,7.41676558623937e-24,True,False,True
585,1.0,1.5,0.3,0.005,-1.0048771567470651,False,False,0.0,False,0,True,0.3000442220249472,3.59166555698525e-13,0.999936825678647,5.2122659883448585e-21,True,False,True
586,1.0,1.5,0.3,0.03,-1.0258734394183562,False,False,0.0,False,0,True,0.3014911872988681,3.538182335046191e-13,0.9978697324301884,1.480566566005246e-22,True,False,True
587,1.0,1.5,0.3,0.15,-1.0740285093366215,False,False,0.0,False,0,True,0.32796060460936244,1.8671452966243655e-13,0.9600562791294823,2.1745513871857284e-24,True,False,True
588,1.0,1.5,0.3,0.5,-1.080414546931518,False,False,0.0,False,0,True,0.46195766738620325,2.5761363831922913e-13,0.7686319037339954,7.964664662196109e-25,False,False,True
589,1.0,1.5,0.3,0.9,-1.1242292843373662,False,False,0.0,False,0,True,0.597502977233438,1.8592449521196898e-13,0.5749957468093743,2.4387911913010157e-25,False,False,True
590,1.0,1.5,0.7,0.005,-1.0049033753080407,False,False,0.0,False,0,True,0.700077779747911,1.2239360441662416e-13,0.99974073417363,6.052596650726369e-22,True,False,True
591,1.0,1.5,0.7,0.03,-1.0270978425272617,False,False,0.0,False,0,True,0.7026056953173996,2.8497383863890546e-13,0.9913143489420012,9.596606236933376e-23,True,False,True
592,1.0,1.5,0.7,0.15,-1.1259916250298931,False,False,0.0,False,0,True,0.7445677984270956,3.52872758339538e-13,0.8514406719096811,7.626411476038884e-24,False,False,True
593,1.0,1.5,0.7,0.5,-1.7782707675826592,False,False,0.0,False,0,True,0.8917182038477044,1.7989015906180707e-13,0.360939320507652,3.422502043248175e-25,False,False,False
594,1.0,1.5,0.7,0.9,-3.034241121990965,False,False,0.0,False,0,True,0.958420300968228,5.082568143884241e-13,0.1385989967725735,1.419582311893536e-24,False,False,False
595,1.0,1.5,0.9,0.005,-1.0049159433773123,False,False,0.0,False,0,True,0.9000919058901585,1.176676026926743e-13,0.9990809410984149,5.59416781471212e-22,True,False,True
596,1.0,1.5,0.9,0.03,-1.02862574739981,False,False,0.0,False,0,True,0.9030181638564776,5.278232081011872e-13,0.9698183614352243,3.291381484555825e-22,True,False,True
597,1.0,1.5,0.9,0.15,-1.248932019623785,False,False,0.0,False,0,True,0.9424854076327436,1.2832109018376935e-13,0.5751459236725643,9.980768767797394e-25,False,False,True
598,1.0,1.5,0.9,0.5,-3.7884306219882347,False,False,0.0,False,0,True,0.9969020355550728,1.2520799215301211e-12,0.0309796444492716,1.5104740230449355e-23,False,True,False
599,1.0,1.5,0.9,0.9,-8.779916293340698,False,False,0.0,False,0,True,0.9985333024479068,1.3777932922682806e-13,0.014666975520931661,9.067140485818749e-26,False,True,False
600,5.0,0.02,0.001,0.005,1.9435987064996298,True,True,5.5,True,1,False,0.9997375572366327,0.013195983708545887,0.0002627054688361238,1.7887157487555757e-06,False,False,True
601,5.0,0.02,0.001,0.03,1.9577618098474634,True,True,3.625,True,1,False,0.9997399997489517,0.012742928649782848,0.00026026051155989113,1.7514316838126876e-06,False,False,False
602,5.0,0.02,0.001,0.15,3.711020727310693,True,True,1.875,True,1,False,0.9997424079297903,0.012763901787196144,0.0002578499201298299,1.6452056345100206e-06,False,False,False
603,5.0,0.02,0.001,0.5,15.439985170355543,True,True,0.75,True,1,False,0.9997449419888236,0.01549880059033456,0.0002553133245009243,1.1908973107094372e-06,False,False,False
604,5.0,0.02,0.001,0.9,29.958551991268138,True,True,0.5,True,1,False,0.9997462930562016,0.019388650030470835,0.00025396090470315166,8.815083901082251e-07,False,False,False
605,5.0,0.02,0.05,0.005,1.9411936289751301,True,True,5.125,True,1,False,0.9997622448973004,0.010777020798163305,0.00025026852915750817,2.0787123781601035e-06,False,False,True
606,5.0,0.02,0.05,0.03,1.875222181321796,True,True,3.375,True,1,False,0.9997644589059974,0.010418633157343024,0.00024793799368693606,2.029662637665089e-06,False,False,False
607,5.0,0.02,0.05,0.15,2.0465438818041655,True,True,1.625,True,1,False,0.9997668122839816,0.01068734456761647,0.0002454607537036156,1.8046708296253657e-06,False,False,False
608,5.0,0.02,0.05,0.5,4.449708935571799,True,True,0.5,True,1,False,0.999769575521714,0.014350816260350448,0.00024255208240634606,1.1080677170188066e-06,False,False,False
609,5.0,0.02,0.05,0.9,7.5975408618573725,True,True,0.25,True,1,False,0.9997709144035978,0.019080678106338737,0.00024114273305497175,7.477284453748224e-07,False,False,False
610,5.0,0.02,0.3,0.005,1.9407883456179087,True,True,4.625,True,1,False,0.999870895475647,0.006975845631939606,0.00018443503478999496,1.6878186233683222e-06,False,False,True
611,5.0,0.02,0.3,0.03,1.8609240650441414,True,True,2.75,True,1,False,0.9998721111274625,0.006768775602658735,0.00018269838933921662,1.6345981779979044e-06,False,False,False
612,5.0,0.02,0.3,0.15,1.7255096272299357,True,True,1.0,True,1,False,0.9998736500537556,0.00746270523452376,0.00018049992320626605,1.2698881542095565e-06,False,False,False
613,5.0,0.02,0.3,0.5,1.9045939320090763,True,True,0.125,True,1,False,0.9998754815286406,0.012425677104276783,0.00017788353051344837,5.268831313512002e-07,False,False,False
614,5.0,0.02,0.3,0.9,1.8314851572605364,True,True,0.0,False,0,True,0.9998761698952406,0.018290354343882553,0.00017690014965622759,3.052587555201065e-07,False,False,False
615,5.0,0.02,0.7,0.005,1.9406572528130304,True,True,3.875,True,1,False,0.9999764482293604,0.0033022129276381682,7.850590213206071e-05,6.639553221387198e-07,False,True,True
616,5.0,0.02,0.7,0.03,1.8548020494996142,True,True,2.0,True,1,False,0.9999766812868571,0.0032554329681926,7.772904380957493e-05,6.222089716254101e-07,False,True,False
617,5.0,0.02,0.7,0.15,1.465694048763579,True,True,0.375,True,1,False,0.9999770405810042,0.0044865666776019,7.653139665257194e-05,3.0941187164410437e-07,False,True,False
618,5.0,0.02,0.7,0.5,-1.5846871712466295,False,True,0.0,False,0,True,0.9999773236604611,0.010446710410591278,7.55877984629875e-05,6.429026418137094e-08,False,False,False
619,5.0,0.02,0.7,0.9,-7.718574031007459,False,True,0.0,False,0,True,0.9999773957908008,0.017243449434950032,7.534736399731715e-05,3.181504929967565e-08,False,False,False
620,5.0,0.02,0.9,0.005,1.940594412466672,True,True,3.25,True,1,False,0.9999974113926018,0.001584734732392779,2.5886073982128728e-05,1.944401895129261e-07,False,True,True
621,5.0,0.02,0.9,0.03,1.8471625251368724,True,True,1.25,True,1,False,0.999997439358702,0.0016455472968719442,2.5606412979994893e-05,1.6358735614026102e-07,False,True,False
622,5.0,0.02,0.9,0.15,0.8509920757941188,True,True,0.0,False,0,True,0.9999974774144638,0.003306234514267735,2.5225855362354117e-05,3.951911735992837e-08,False,True,False
623,5.0,0.02,0.9,0.5,-11.635486443274509,False,True,0.0,False,0,True,0.9999974929182578,0.009592412104227998,2.5070817422090392e-05,6.036936043531581e-09,False,False,False
624,5.0,0.02,0.9,0.9,-36.44694988775613,False,True,0.0,False,0,True,0.9999974960349272,0.01674228407206285,2.5039650728420078e-05,2.9887177281247013e-09,False,False,False
625,5.0,0.1,0.001,0.005,1.7843947264001272,True,True,6.0,True,1,False,0.9990077301321667,2.61306690003538e-09,0.0009932631309642595,2.0171725053212867e-16,False,True,True
626,5.0,0.1,0.001,0.03,1.8024220040222207,True,True,3.875,True,1,False,0.9990082848097191,2.1434560589335477e-09,0.0009927078981790299,1.3522358180711058e-16,False,True,False
627,5.0,0.1,0.001,0.15,3.571890292528084,True,True,2.0,True,1,False,0.9990201881735179,1.8510398632627226e-09,0.0009807926191012033,9.508657278839527e-17,False,True,False
628,5.0,0.1,0.001,0.5,15.333318503688876,True,True,0.875,True,1,False,0.9990849353713336,2.0723670123869348e-09,0.0009159806092756934,8.515898085166508e-17,False,True,False
629,5.0,0.1,0.001,0.9,29.874341464952348,True,False,0.5,True,1,False,0.99914210092053,2.5675224256505786e-09,0.0008587578373072887,9.436799823543792e-17,False,True,False
630,5.0,0.1,0.05,0.005,1.781989648875628,True,True,5.625,True,1,False,0.9990590649660787,2.0632621073064715e-09,0.0009904579304435177,1.6163283500320056e-16,False,True,True
631,5.0,0.1,0.05,0.03,1.7198823754965533,True,True,3.625,True,1,False,0.9990600511295175,1.6939849461440665e-09,0.0009894198636658349,1.0866567482327239e-16,False,True,False
632,5.0,0.1,0.05,0.15,1.9074134470215571,True,True,1.625,True,1,False,0.9990802314395496,1.498627480858467e-09,0.0009681774320530483,7.660198213425627e-17,False,True,False
633,5.0,0.1,0.05,0.5,4.3430422689051325,True,True,0.5,True,1,False,0.9991690551486428,1.874586945234141e-09,0.0008746787909022648,7.102650589766392e-17,False,True,False
634,5.0,0.1,0.05,0.9,7.513330335541583,True,False,0.25,True,1,False,0.9992323291835776,2.485216364873602e-09,0.0008080745436024971,8.279268835992605e-17,False,True,False
635,5.0,0.1,0.3,0.005,1.7815843655184063,True,True,5.0,True,1,False,0.9994683187775114,1.229462968400911e-09,0.0007595446035551274,8.757338038093256e-17,False,True,True
636,5.0,0.1,0.3,0.03,1.7055842592188988,True,True,3.0,True,1,False,0.9994697450837754,1.0122956925415918e-09,0.0007575070231780057,5.862634060566011e-17,False,True,False
637,5.0,0.1,0.3,0.15,1.5863791924473272,True,True,1.0,True,1,False,0.999495281156219,9.663335981398571e-10,0.0007210269196871495,4.1173741007555264e-17,False,True,False
638,5.0,0.1,0.3,0.5,1.7979272653424094,True,True,0.125,True,1,False,0.9995691464416142,1.533848660083396e-09,0.0006155050834082727,4.077686069529071e-17,False,True,False
639,5.0,0.1,0.3,0.9,1.747274630944747,True,False,0.0,False,0,True,0.9996077727823061,2.2673954273631926e-09,0.0005603245967056303,5.111465662354115e-17,False,True,False
640,5.0,0.1,0.7,0.005,1.781453272713528,True,True,4.125,True,1,False,0.9999060480754632,5.138970205035054e-10,0.0003131730817892049,3.34642094418165e-17,False,True,True
641,5.0,0.1,0.7,0.03,1.6994622436743716,True,True,2.125,True,1,False,0.9999068563523641,4.295845974474766e-10,0.00031047882545302363,2.2135086950756224e-17,False,True,False
642,5.0,0.1,0.7,0.15,1.3265636139809704,True,True,0.375,True,1,False,0.999916823561968,5.275385979433812e-10,0.00027725479344005893,1.5788822307344096e-17,False,True,False
643,5.0,0.1,0.7,0.5,-1.691353837913295,False,True,0.0,False,0,True,0.9999318551420936,1.2112645394127888e-09,0.00022714952635468258,1.674804529322466e-17,False,True,False
644,5.0,0.1,0.7,0.9,-7.802784557323247,False,False,0.0,False,0,True,0.9999379130557151,2.0094346176351035e-09,0.00020695648094963082,2.2825037826319157e-17,False,True,False
645,5.0,0.1,0.9,0.005,1.7813904323671699,True,True,3.5,True,1,False,0.9999906380165818,2.2571449914655966e-10,9.361983418165745e-05,1.7200434805442668e-17,False,True,True
646,5.0,0.1,0.9,0.03,1.6918227193116298,True,True,1.375,True,1,False,0.9999908548828871,1.995611359136046e-10,9.145117112918656e-05,1.1276724330265225e-17,False,True,False
647,5.0,0.1,0.9,0.15,0.7118616410115105,True,True,0.0,False,0,True,0.9999923266791961,3.7560529754446856e-10,7.673320803869289e-05,8.895597022843015e-18,False,True,False
648,5.0,0.1,0.9,0.5,-11.742153109941178,False,True,0.0,False,0,True,0.999993636828988,1.08791967131504e-09,6.363171011991577e-05,1.1426795884053519e-17,False,True,False
649,5.0,0.1,0.9,0.9,-36.53116041407192,False,False,0.0,False,0,True,0.9999941326023147,1.9032165782017603e-09,5.8673976852663414e-05,1.7317042702728864e-17,False,True,False
650,5.0,0.3,0.001,0.005,1.3863847761513712,True,True,7.5,True,1,False,0.9945500401539246,1.7741896952010073e-13,0.005455415261336773,1.2148646452927076e-24,False,True,True
651,5.0,0.3,0.001,0.03,1.4140724894591137,True,True,4.875,True,1,False,0.994561384867026,2.8222040928063393e-13,0.005444059192166111,3.063162146760407e-24,False,True,False
652,5.0,0.3,0.001,0.15,3.2240642055715627,True,True,2.5,True,1,False,0.9947952609787841,6.858182051806724e-13,0.005209948970186062,1.663612563787835e-23,False,True,False
653,5.0,0.3,0.001,0.5,15.06665183702221,True,True,0.875,True,1,False,0.9957522889611392,2.5430359114511545e-13,0.004251963001862653,1.4397462362360367e-24,False,True,False
654,5.0,0.3,0.001,0.9,29.663815149162872,True,False,0.5,True,1,False,0.9963306642453703,3.17589524647864e-13,0.003673008763393081,1.533326157526618e-24,False,True,False
655,5.0,0.3,0.05,0.005,1.3839796986268718,True,True,7.125,True,1,False,0.9942930544321502,9.928381146171439e-13,0.006007311124052407,5.0750346267578944e-23,False,True,True
656,5.0,0.3,0.05,0.03,1.3315328609334465,True,True,4.5,True,1,False,0.9943199787531197,1.5310643677017094e-13,0.005978969733558183,1.1966346448810286e-24,False,True,False
657,5.0,0.3,0.05,0.15,1.5595873600650356,True,True,2.0,True,1,False,0.9948158449647481,1.393704069894134e-13,0.005457005300265196,8.44407468201939e-25,False,True,False
658,5.0,0.3,0.05,0.5,4.076375602238466,True,True,0.5,True,1,False,0.9961808188841131,3.954222125292511e-13,0.004020190648301959,3.495164524380671e-24,False,True,False
659,5.0,0.3,0.05,0.9,7.302804019752109,True,False,0.25,True,1,False,0.9967732977720015,1.57138709345198e-13,0.003396528661051031,3.452349515947781e-25,False,True,False
660,5.0,0.3,0.3,0.005,1.38357441526965,True,True,6.25,True,1,False,0.9963831782658936,7.241723969141352e-13,0.005166888191580542,4.262557308393142e-23,False,True,True
661,5.0,0.3,0.3,0.03,1.3172347446557917,True,True,3.625,True,1,False,0.9964378976800841,2.935332460901705e-13,0.005088717599879913,6.849507166911389e-24,False,True,False
662,5.0,0.3,0.3,0.15,1.2385531054908054,True,True,1.125,True,1,False,0.9971645234078872,2.426126508864733e-13,0.004050680845875438,3.186366678284747e-24,False,True,False
663,5.0,0.3,0.3,0.5,1.5312605986757428,True,True,0.125,True,1,False,0.9981401068345829,2.585880870689532e-13,0.00265699023631018,1.1930401661885931e-24,False,True,False
664,5.0,0.3,0.3,0.9,1.5367483151552732,True,False,0.0,False,0,True,0.9984310680949229,5.394762660282409e-13,0.0022413312929673145,2.891332844995353e-24,False,True,False
665,5.0,0.3,0.7,0.005,1.3834433224647718,True,True,5.25,True,1,False,0.9993822577785647,1.6197372723441587e-13,0.002059140738117637,4.783830842743131e-24,False,True,True
666,5.0,0.3,0.7,0.03,1.3111127291112648,True,True,2.5,True,1,False,0.9994139563870801,7.444920084155956e-13,0.001953478709733058,9.312034696347548e-23,False,True,False
667,5.0,0.3,0.7,0.15,0.9787375270244487,True,True,0.375,True,1,False,0.9996140532593987,1.2708077271239874e-13,0.001286489135337761,1.0103138783718101e-24,False,True,False
668,5.0,0.3,0.7,0.5,-1.9580205045799621,False,True,0.0,False,0,True,0.999735352628332,2.30725500794043e-13,0.0008821579055599362,6.076101831471178e-25,False,True,False
669,5.0,0.3,0.7,0.9,-8.013310873112722,False,False,0.0,False,0,True,0.9997689020354547,2.3465103697263137e-13,0.0007703265484844863,3.1122049865150027e-25,False,True,False
670,5.0,0.3,0.9,0.005,1.3833804821184137,True,True,4.25,True,1,False,0.9999486273171577,1.1746817896062161e-13,0.0005137268284227671,6.838017894864463e-24,False,True,True
671,5.0,0.3,0.9,0.03,1.3034732047485227,True,True,1.5,True,1,False,0.9999539416229021,9.667865977305349e-14,0.0004605837709792394,3.5584904881892506e-24,False,True,False
672,5.0,0.3,0.9,0.15,0.364035554054989,True,True,0.0,False,0,True,0.99996972741884,9.717413577143551e-14,0.00030272581159951356,5.954026521579104e-25,False,True,False
673,5.0,0.3,0.9,0.5,-12.008819776607844,False,True,0.0,False,0,True,0.9999769167847422,1.918330834020847e-13,0.00023083215257790895,3.5529396766926586e-25,False,True,False
674,5.0,0.3,0.9,0.9,-36.74168672986139,False,False,0.0,False,0,True,0.9999791919213071,1.493076965914201e-13,0.0002080807869286883,1.065824115858529e-25,False,True,False
675,5.0,0.7,0.001,0.005,0.5903648756538586,True,True,16.25,True,1,False,0.6851062543202842,3.398255109127113e-13,0.31520895463435017,1.3806815412658206e-23,False,False,True
676,5.0,0.7,0.001,0.03,0.6373734603329003,True,True,10.0,True,1,False,0.6887928414576487,1.1406946996728643e-13,0.3115186772195708,1.534589932051402e-24,False,False,False
677,5.0,0.7,0.001,0.15,2.528412031658519,True,True,4.0,True,1,False,0.7701830571385371,2.5858029551746107e-13,0.23004698985131425,5.91839363074643e-24,False,False,False
678,5.0,0.7,0.001,0.5,14.533318503688877,True,False,1.0,True,1,False,0.9664890143133936,2.787110112253168e-13,0.0335445302168232,2.4898881160447953e-24,False,True,False
679,5.0,0.7,0.001,0.9,29.242762517583927,True,False,0.5,True,1,False,0.9839202574089532,2.8577601110966e-13,0.016095838429476306,1.4578995470003024e-24,False,True,False
680,5.0,0.7,0.05,0.005,0.5879597981293591,True,True,14.875,True,1,False,0.6238090233473769,1.4145692876650016e-12,0.3959905017396033,3.5111133123829385e-22,False,False,True
681,5.0,0.7,0.05,0.03,0.5548338318072331,True,True,8.625,True,1,False,0.6304868543690612,1.4642495339590955e-13,0.38896120592730404,3.638038356334804e-24,False,False,False
682,5.0,0.7,0.05,0.15,0.8639351861519919,True,True,2.625,True,1,False,0.7623038489557127,1.0717524649098043e-13,0.25020647478346036,1.125199875542655e-24,False,False,False
683,5.0,0.7,0.05,0.5,3.5430422689051326,True,False,0.625,True,1,False,0.9758259388098709,2.1091021835763581e-13,0.0254463802001359,1.242478843414421e-24,False,True,False
684,5.0,0.7,0.05,0.9,6.8817513881731625,True,False,0.25,True,1,False,0.9872088236166472,7.580569823435322e-13,0.013464396193002957,8.772632349659218e-24,False,True,False
685,5.0,0.7,0.3,0.005,0.5875545147721376,True,True,12.5,True,1,False,0.6937774613429706,3.587522751664208e-13,0.43746076951004204,3.976792978688614e-23,False,False,True
686,5.0,0.7,0.3,0.03,0.5405357155295785,True,True,6.0,True,1,False,0.7062395017887056,2.6344415513806146e-13,0.4196578545875634,1.9213129547658212e-23,False,False,False
687,5.0,0.7,0.3,0.15,0.542900931577762,True,True,1.0,True,1,False,0.8849639403311579,1.5821305702535342e-13,0.1643372280983459,2.26056322349086e-24,False,False,False
688,5.0,0.7,0.3,0.5,0.9979272653424096,True,False,0.125,True,1,False,0.9919389724900073,9.490747822275085e-14,0.011515753585703876,1.7012389445925495e-25,False,True,False
689,5.0,0.7,0.3,0.9,1.1156956835763259,True,False,0.0,False,0,True,0.994679916830203,3.2543583359444624e-13,0.007600118813995773,1.0495287065422065e-24,False,True,False
690,5.0,0.7,0.7,0.005,0.5874234219672594,True,True,9.625,True,1,False,0.8701558717549773,1.9225602633751365e-13,0.43281376081674217,2.932556649345135e-23,False,False,True
691,5.0,0.7,0.7,0.03,0.5344136999850512,True,True,3.125,True,1,False,0.8884994538284051,4.614574064733302e-13,0.37166848723864954,1.1441557014059345e-22,False,False,False
692,5.0,0.7,0.7,0.15,0.2830853531114052,True,True,0.125,True,1,False,0.9964688647448392,2.0069519652627148e-13,0.011770450850535998,2.9361895432059977e-24,False,True,False
693,5.0,0.7,0.7,0.5,-2.491353837913296,False,False,0.0,False,0,True,0.9991562826782967,3.361569286669479e-13,0.002812391072344322,1.2892888670586786e-24,False,True,False
694,5.0,0.7,0.7,0.9,-8.434363504691667,False,False,0.0,False,0,True,0.9993209628200779,3.370806762970367e-13,0.002263457266407087,6.420386918824042e-25,False,True,False
695,5.0,0.7,0.9,0.005,0.5873605816209011,True,True,7.25,True,1,False,0.9584419476242594,1.2456236073335343e-13,0.4155805237574063,3.5527166871688325e-23,False,False,True
696,5.0,0.7,0.9,0.03,0.5267741756223095,True,True,1.375,True,1,False,0.9764013256043308,2.0726536975737435e-13,0.2359867439566921,3.717536247555267e-23,False,False,False
697,5.0,0.7,0.9,0.15,-0.3316166198580549,False,True,0.0,False,0,True,0.999896843700132,1.374441695257127e-13,0.0010315629986801247,1.1910799961424072e-24,False,True,False
698,5.0,0.7,0.9,0.5,-12.542153109941175,False,False,0.0,False,0,True,0.999934704410741,2.976926133649475e-13,0.0006529558925905122,8.555880584142209e-25,False,True,False
699,5.0,0.7,0.9,0.9,-37.162739361440345,False,False,0.0,False,0,True,0.9999429916662556,3.887866372199031e-13,0.0005700833374444604,7.226588561030851e-25,False,True,False
700,5.0,1.0,0.001,0.005,-0.00665004971927576,False,False,0.0,False,0,True,0.0015637886994562464,0.0023656815665674914,0.9994356469474912,0.3031818493466451,True,False,True
701,5.0,1.0,0.001,0.03,0.0548491884882401,True,False,9.25,True,1,False,0.011813087109106161,0.0012234703692357443,0.9891760889798737,0.007503474650224921,True,False,True
702,5.0,1.0,0.001,0.15,2.006672901223736,True,False,3.625,True,1,False,0.15261368095240502,6.792656301486549e-14,0.8482345536011962,1.3673510292417455e-24,True,False,True
703,5.0,1.0,0.001,0.5,14.133318503688876,True,False,1.0,True,1,False,0.7632544762843534,6.403631945229938e-13,0.23698250622186848,1.766331131210819e-23,False,False,False
704,5.0,1.0,0.001,0.9,28.926973043899714,True,False,0.5,True,1,False,0.9539379550728164,1.913941574476473e-13,0.04610815308026384,7.558348229675095e-25,False,True,False
705,5.0,1.0,0.05,0.005,-0.009055127243775317,False,False,0.0,False,0,True,0.05514983625266727,0.001337320017233398,0.9945791197340346,0.07692694623506992,True,False,True
706,5.0,1.0,0.05,0.03,-0.027690440037427155,False,False,0.0,False,0,True,0.08698828839158738,1.0070492785952525e-05,0.9610649595878028,1.7292248637274276e-07,True,False,True
707,5.0,1.0,0.05,0.15,0.34219605571720924,True,False,1.125,True,1,False,0.2998417406607631,4.412991359680454e-13,0.7370086940413021,3.156414941297655e-23,False,False,True
708,5.0,1.0,0.05,0.5,3.1430422689051323,True,False,0.5,True,1,False,0.8834469571675048,2.090286029324134e-13,0.12268741350788973,1.4120167712109625e-24,False,False,False
709,5.0,1.0,0.05,0.9,6.565961914488952,True,False,0.25,True,1,False,0.9707784797998796,3.0578270508272424e-13,0.030759494947495122,1.523999078882369e-24,False,True,False
710,5.0,1.0,0.3,0.005,-0.009460410600996838,False,False,0.0,False,0,True,0.31026013227813093,0.0003144100294636491,0.9853426681740988,0.0040817299229747245,True,False,True
711,5.0,1.0,0.3,0.03,-0.04198855631508191,False,False,0.0,False,0,True,0.36329309013832967,5.171284638483774e-10,0.9095812998023862,3.581399323631779e-16,True,False,True
712,5.0,1.0,0.3,0.15,0.021161801142979275,True,False,0.0,False,0,True,0.6352974386202419,2.431491835331466e-13,0.5210036591139402,5.730546314701176e-24,False,False,True
713,5.0,1.0,0.3,0.5,0.5979272653424097,True,False,0.125,True,1,False,0.9789550719557707,6.215981035376714e-13,0.03006418292032758,7.580872683445933e-24,False,True,False
714,5.0,1.0,0.3,0.9,0.7999062098921152,True,False,0.0,False,0,True,0.9901706390730995,7.948270359437207e-13,0.014041944181286365,6.241562231934064e-24,False,True,False
715,5.0,1.0,0.7,0.005,-0.009591503405875083,False,False,0.0,False,0,True,0.7098116165329218,1.0931624630385473e-05,0.9672946115569272,4.872835623449647e-06,True,False,True
716,5.0,1.0,0.7,0.03,-0.048110571859609014,False,False,0.0,False,0,True,0.7590129286469043,2.7571987874523217e-13,0.8032902378436523,9.458062654022914e-23,False,False,True
717,5.0,1.0,0.7,0.15,-0.2386537773233775,False,False,0.0,False,0,True,0.9633527836900874,1.0466267005054684e-13,0.12215738769970876,7.966269477879646e-25,False,False,False
718,5.0,1.0,0.7,0.5,-2.891353837913296,False,False,0.0,False,0,True,0.9985263668260861,2.146819901724083e-13,0.004912110579713042,5.2562345054625235e-25,False,True,False
719,5.0,1.0,0.7,0.9,-8.75015297837588,False,False,0.0,False,0,True,0.9988973456734922,2.5146404601470367e-13,0.003675514421692671,3.5720911060581307e-25,False,True,False
720,5.0,1.0,0.9,0.005,-0.00965434375223325,False,False,0.0,False,0,True,0.9064508104665011,2.1514872391245762e-08,0.9354918953349891,1.879046231132935e-11,True,False,True
721,5.0,1.0,0.9,0.03,-0.05575009622235076,False,False,0.0,False,0,True,0.9384171289053042,1.1250418114755604e-13,0.6158287109469586,1.5341631394663803e-23,False,False,True
722,5.0,1.0,0.9,0.15,-0.8533557502928376,False,False,0.0,False,0,True,0.999797504438765,1.188151409298203e-13,0.002024955612349722,8.900268260554965e-25,False,True,False
723,5.0,1.0,0.9,0.5,-12.942153109941176,False,False,0.0,False,0,True,0.9998967223374388,1.3069615872409382e-13,0.0010327766256124085,1.6490857788059938e-25,False,True,False
724,5.0,1.0,0.9,0.9,-37.47852883512455,False,False,0.0,False,0,True,0.999911757137417,1.288272983905239e-13,0.0008824286258302119,7.934460918326017e-26,False,True,False
725,5.0,1.5,0.001,0.005,-1.0016749253411663,False,False,0.0,False,0,True,0.0010049421093253138,3.5927059625673943e-13,0.9999950529436182,5.231940873346045e-21,True,False,True
726,5.0,1.5,0.001,0.03,-0.9160245979195268,False,False,0.0,False,0,True,0.0011758172154549922,3.7859370412847623e-13,0.9998240067913363,1.8822266782612462e-22,True,False,True
727,5.0,1.5,0.001,0.15,1.1371076838324319,True,False,0.375,True,1,False,0.008476475282384944,1.0077273123653574e-13,0.9925160407583734,2.0808583253226407e-24,True,False,True
728,5.0,1.5,0.001,0.5,13.466651837022209,True,False,0.625,True,1,False,0.26306283732013774,2.4160197315440933e-13,0.7376748375173796,2.9511046955710906e-24,False,False,True
729,5.0,1.5,0.001,0.9,28.40065725442603,True,False,0.5,True,1,False,0.7337501509835966,9.832082040914758e-13,0.26651636538178514,2.358280919985772e-23,False,False,False
730,5.0,1.5,0.05,0.005,-1.0040800028656658,False,False,0.0,False,0,True,0.050066990077329614,3.591474893912811e-13,0.9999294841291267,5.215854130923736e-21,True,False,True
731,5.0,1.5,0.05,0.03,-0.9985642264451942,False,False,0.0,False,0,True,0.05228777395935485,3.444666435084658e-13,0.9975918168848897,1.4410522207723332e-22,True,False,True
732,5.0,1.5,0.05,0.15,-0.5273691616740952,False,False,0.0,False,0,True,0.10271297393387128,1.5743775823779337e-13,0.9445126590169777,2.354332638488152e-24,True,False,True
733,5.0,1.5,0.05,0.5,2.4763756022384658,True,False,0.375,True,1,False,0.5461929642269466,5.173624312619728e-13,0.4776916166032141,8.767506578599497e-24,False,False,False
734,5.0,1.5,0.05,0.9,6.039646125015268,True,False,0.25,True,1,False,0.88758317973692,2.263074031395168e-13,0.1183334950137684,9.032950873951036e-25,False,False,False
735,5.0,1.5,0.3,0.005,-1.0044852862228875,False,False,0.0,False,0,True,0.3002210980053396,1.219563485361959e-13,0.9996841457066578,6.01193454085902e-22,True,False,True
736,5.0,1.5,0.3,0.03,-1.012862342722849,False,False,0.0,False,0,True,0.30744376522090505,1.201545989569338e-13,0.9893660496844215,1.729852313612965e-23,True,False,True
737,5.0,1.5,0.3,0.15,-0.8484034162483252,False,False,0.0,False,0,True,0.4369332554008641,2.1682014027916243e-13,0.8043810637130514,3.550381064185333e-24,False,False,True
738,5.0,1.5,0.3,0.5,-0.06873940132425682,False,False,0.0,False,0,True,0.9052113329899417,3.964046569182518e-13,0.1354123814429404,2.953061492040778e-24,False,False,False
739,5.0,1.5,0.3,0.9,0.2735904204184312,True,False,0.0,False,0,True,0.9768089698866036,1.0833559989918577e-12,0.033130043019137724,1.1490973530979645e-23,False,True,False
740,5.0,1.5,0.7,0.005,-1.0046163790277658,False,False,0.0,False,0,True,0.70038855602394,1.153205704999673e-13,0.9987048132535331,5.374849978125832e-22,True,False,True
741,5.0,1.5,0.7,0.03,-1.0189843582673759,False,False,0.0,False,0,True,0.7126815409092029,1.400608890821676e-12,0.9577281969693235,2.3402594693920584e-21,True,False,True
742,5.0,1.5,0.7,0.15,-1.1082189947146819,False,False,0.0,False,0,True,0.8720766493620697,4.057468946998306e-13,0.4264111687931008,1.1203696030452928e-23,False,False,False
743,5.0,1.5,0.7,0.5,-3.558020504579962,False,False,0.0,False,0,True,0.996883305031696,1.3407866515693493e-13,0.010388983227680077,2.0479816131973102e-25,False,True,False
744,5.0,1.5,0.7,0.9,-9.276468767849565,False,False,0.0,False,0,True,0.99801108694718,2.0170559580738098e-13,0.0066297101760666895,2.2969398747294223e-25,False,True,False
745,5.0,1.5,0.9,0.005,-1.0046792193741239,False,False,0.0,False,0,True,0.9004579260889657,1.9771686858879197e-13,0.9954207391103433,1.579889959667433e-21,True,False,True
746,5.0,1.5,0.9,0.03,-1.0266238826301177,False,False,0.0,False,0,True,0.9137561161774972,6.54327572752995e-13,0.8624388382250283,5.098169156216915e-22,False,False,True
747,5.0,1.5,0.9,0.15,-1.7229209676841417,False,False,0.0,False,0,True,0.999185619751113,1.203287835954051e-13,0.008143802488870257,9.124757382751342e-25,False,True,False
748,5.0,1.5,0.9,0.5,-13.608819776607842,False,False,0.0,False,0,True,0.9998217466047438,6.634773747898609e-13,0.0017825339525623378,4.24960068908652e-24,False,True,False
749,5.0,1.5,0.9,0.9,-38.004844624598235,False,False,0.0,False,0,True,0.9998530761169996,1.889792620121207e-13,0.0014692388300041608,1.707312154192283e-25,False,True,False
